vendor,requested_model,returned_model,case_id,split,arm,repeat,transport_success,contract_accepted,plan_correct,ttft_ms,total_ms,input_tokens,output_tokens,simulated_mission_success,replay_key,parse_error,response,prompt_sha256,request_id
deepseek,deepseek-flash,deepseek-flash,H1,existing,baseline,1,True,True,True,517.8426000002219,605.7853000002069,445,8,True,93cd54f9ad6aed63be1cff9ad619eae6b305554497e2b04e4c8b3165cc98d429,,"{""targets"":[""target""]}",011c3ab0bd9a93452f9bc24f4a1747020b216aa9a477beebea044ce1d7d8b9ca,
deepseek,deepseek-flash,deepseek-flash,H1,existing,baseline,2,True,True,True,806.5348000000085,927.4663000014698,445,8,True,93cd54f9ad6aed63be1cff9ad619eae6b305554497e2b04e4c8b3165cc98d429,,"{""targets"":[""target""]}",011c3ab0bd9a93452f9bc24f4a1747020b216aa9a477beebea044ce1d7d8b9ca,
deepseek,deepseek-flash,deepseek-flash,H1,existing,baseline,3,True,True,True,1030.3101999998034,1046.0437000001548,445,8,True,93cd54f9ad6aed63be1cff9ad619eae6b305554497e2b04e4c8b3165cc98d429,,"{""targets"":[""target""]}",011c3ab0bd9a93452f9bc24f4a1747020b216aa9a477beebea044ce1d7d8b9ca,
deepseek,deepseek-flash,deepseek-flash,H2,existing,baseline,1,True,True,True,595.5283000002964,665.8086000006733,445,8,True,cb108218ab95a40b9bbcfd0388b1ab524a6e9adfb1ccf030bdefcb05fd29e851,,"{""targets"":[""target""]}",011c3ab0bd9a93452f9bc24f4a1747020b216aa9a477beebea044ce1d7d8b9ca,
deepseek,deepseek-flash,deepseek-flash,H2,existing,baseline,2,True,True,True,672.7496999992582,714.2343999985314,445,8,True,cb108218ab95a40b9bbcfd0388b1ab524a6e9adfb1ccf030bdefcb05fd29e851,,"{""targets"":[""target""]}",011c3ab0bd9a93452f9bc24f4a1747020b216aa9a477beebea044ce1d7d8b9ca,
deepseek,deepseek-flash,deepseek-flash,H2,existing,baseline,3,True,True,True,517.9031999996369,594.6012000003975,445,8,True,cb108218ab95a40b9bbcfd0388b1ab524a6e9adfb1ccf030bdefcb05fd29e851,,"{""targets"":[""target""]}",011c3ab0bd9a93452f9bc24f4a1747020b216aa9a477beebea044ce1d7d8b9ca,
deepseek,deepseek-flash,deepseek-flash,H3,existing,baseline,1,True,True,True,773.381300001347,946.1348000004364,445,8,True,1715cdc6416cdfe52a70f07b1a17d0afd205df29b2e4c319a1329d1a215d3bc4,,"{""targets"":[""target""]}",011c3ab0bd9a93452f9bc24f4a1747020b216aa9a477beebea044ce1d7d8b9ca,
deepseek,deepseek-flash,deepseek-flash,H3,existing,baseline,2,True,True,True,618.6487000013585,716.9432000009692,445,8,True,1715cdc6416cdfe52a70f07b1a17d0afd205df29b2e4c319a1329d1a215d3bc4,,"{""targets"":[""target""]}",011c3ab0bd9a93452f9bc24f4a1747020b216aa9a477beebea044ce1d7d8b9ca,
deepseek,deepseek-flash,deepseek-flash,H3,existing,baseline,3,True,True,True,281.44830000019283,360.55209999904037,445,8,True,1715cdc6416cdfe52a70f07b1a17d0afd205df29b2e4c319a1329d1a215d3bc4,,"{""targets"":[""target""]}",011c3ab0bd9a93452f9bc24f4a1747020b216aa9a477beebea044ce1d7d8b9ca,
deepseek,deepseek-flash,deepseek-flash,H4,existing,baseline,1,True,True,True,462.104599999293,556.6694999997708,445,8,True,da65a036ccfa3514146d0b9ab28a0cc0489452e027367b8e682319b179114102,,"{""targets"":[""target""]}",011c3ab0bd9a93452f9bc24f4a1747020b216aa9a477beebea044ce1d7d8b9ca,
deepseek,deepseek-flash,deepseek-flash,H4,existing,baseline,2,True,True,True,677.5932000000466,800.5489000006492,445,8,True,da65a036ccfa3514146d0b9ab28a0cc0489452e027367b8e682319b179114102,,"{""targets"":[""target""]}",011c3ab0bd9a93452f9bc24f4a1747020b216aa9a477beebea044ce1d7d8b9ca,
deepseek,deepseek-flash,deepseek-flash,H4,existing,baseline,3,True,True,True,693.2089999991149,810.2519000003667,445,8,True,da65a036ccfa3514146d0b9ab28a0cc0489452e027367b8e682319b179114102,,"{""targets"":[""target""]}",011c3ab0bd9a93452f9bc24f4a1747020b216aa9a477beebea044ce1d7d8b9ca,
deepseek,deepseek-flash,deepseek-flash,M1,existing,baseline,1,True,True,True,1181.0575999988941,1226.7595999983314,494,12,True,a0bb502258c3cc04a974a3f79990b989aebfb1cfa823561ad74579aefd35b622,,"{""targets"":[""A"",""B"",""start""]}",4badbbc322d5e8b4b631fe27d649bf486c4aec775aeb18b777951d781898e66c,
deepseek,deepseek-flash,deepseek-flash,M1,existing,baseline,2,True,True,True,657.570700001088,771.3801000008971,494,12,True,a0bb502258c3cc04a974a3f79990b989aebfb1cfa823561ad74579aefd35b622,,"{""targets"":[""A"",""B"",""start""]}",4badbbc322d5e8b4b631fe27d649bf486c4aec775aeb18b777951d781898e66c,
deepseek,deepseek-flash,deepseek-flash,M1,existing,baseline,3,True,True,True,531.9587000012689,639.1629000008834,494,12,True,a0bb502258c3cc04a974a3f79990b989aebfb1cfa823561ad74579aefd35b622,,"{""targets"":[""A"",""B"",""start""]}",4badbbc322d5e8b4b631fe27d649bf486c4aec775aeb18b777951d781898e66c,
deepseek,deepseek-flash,deepseek-flash,M2,existing,baseline,1,True,True,True,799.302199999147,892.5772000002326,491,10,True,1dbf938cfbf0d6c3d9c1ab06db7a8f0a5111d8ed3549a6868cbea35e58aff831,,"{""targets"":[""B"",""A""]}",b1a388c8c51454c2e51e13d2fe7ef2fd35d097f478c14cb312a961c34663caf8,
deepseek,deepseek-flash,deepseek-flash,M2,existing,baseline,2,True,True,True,550.2386999996816,659.3364999989717,491,10,True,1dbf938cfbf0d6c3d9c1ab06db7a8f0a5111d8ed3549a6868cbea35e58aff831,,"{""targets"":[""B"",""A""]}",b1a388c8c51454c2e51e13d2fe7ef2fd35d097f478c14cb312a961c34663caf8,
deepseek,deepseek-flash,deepseek-flash,M2,existing,baseline,3,True,True,True,690.4458999997587,778.3603999996558,491,10,True,1dbf938cfbf0d6c3d9c1ab06db7a8f0a5111d8ed3549a6868cbea35e58aff831,,"{""targets"":[""B"",""A""]}",b1a388c8c51454c2e51e13d2fe7ef2fd35d097f478c14cb312a961c34663caf8,
deepseek,deepseek-flash,deepseek-flash,M3,existing,baseline,1,True,True,True,696.4299999999639,941.5437000006932,472,12,True,92bf482649cfaefa83b778af1424285aa825844459049df8b985768cabfb5187,,"{""targets"":[""A"",""B"",""A""]}",a9d9523ebc4f020c24a21b8a5619a306d3747bafc6725d9bfb1f3d5264c66190,
deepseek,deepseek-flash,deepseek-flash,M3,existing,baseline,2,True,True,True,539.092700000765,620.1488000006066,472,12,True,92bf482649cfaefa83b778af1424285aa825844459049df8b985768cabfb5187,,"{""targets"":[""A"",""B"",""A""]}",a9d9523ebc4f020c24a21b8a5619a306d3747bafc6725d9bfb1f3d5264c66190,
deepseek,deepseek-flash,deepseek-flash,M3,existing,baseline,3,True,True,True,734.5051000011154,854.8845000004803,472,12,True,92bf482649cfaefa83b778af1424285aa825844459049df8b985768cabfb5187,,"{""targets"":[""A"",""B"",""A""]}",a9d9523ebc4f020c24a21b8a5619a306d3747bafc6725d9bfb1f3d5264c66190,
deepseek,deepseek-flash,deepseek-flash,M4,existing,baseline,1,True,True,True,487.5512000016897,563.8945000009699,496,8,True,f55ed2e66a2e65262c0c7b3ef89160f223d1388edb78b1ff3276b122f691117e,,"{""targets"":[""B""]}",4d0b4dcb3bc41b5a9cb1e50a33122706f94a194c0593e31b61d269de2e16818e,
deepseek,deepseek-flash,deepseek-flash,M4,existing,baseline,2,True,True,True,845.8674000012252,988.0346000009013,496,8,True,f55ed2e66a2e65262c0c7b3ef89160f223d1388edb78b1ff3276b122f691117e,,"{""targets"":[""B""]}",4d0b4dcb3bc41b5a9cb1e50a33122706f94a194c0593e31b61d269de2e16818e,
deepseek,deepseek-flash,deepseek-flash,M4,existing,baseline,3,True,True,True,697.8159999998752,818.5028999996575,496,8,True,f55ed2e66a2e65262c0c7b3ef89160f223d1388edb78b1ff3276b122f691117e,,"{""targets"":[""B""]}",4d0b4dcb3bc41b5a9cb1e50a33122706f94a194c0593e31b61d269de2e16818e,
deepseek,deepseek-flash,deepseek-flash,M5,existing,baseline,1,True,True,True,651.1654999994789,765.6783000002179,466,10,True,d2aa76f424cc3b5ac1aa9dcb98352ebbeba490364e8b7ffa8f989696b932fa90,,"{""targets"":[""A"",""B""]}",b34377cf0440a6fcc6492ec84d855dff6e47348e3318b783b7912fd614f6c2ab,
deepseek,deepseek-flash,deepseek-flash,M5,existing,baseline,2,True,True,True,742.377900000065,847.4579000012454,466,10,True,d2aa76f424cc3b5ac1aa9dcb98352ebbeba490364e8b7ffa8f989696b932fa90,,"{""targets"":[""A"",""B""]}",b34377cf0440a6fcc6492ec84d855dff6e47348e3318b783b7912fd614f6c2ab,
deepseek,deepseek-flash,deepseek-flash,M5,existing,baseline,3,True,True,True,892.6439999995637,1045.6998999998177,466,10,True,d2aa76f424cc3b5ac1aa9dcb98352ebbeba490364e8b7ffa8f989696b932fa90,,"{""targets"":[""A"",""B""]}",b34377cf0440a6fcc6492ec84d855dff6e47348e3318b783b7912fd614f6c2ab,
deepseek,deepseek-flash,deepseek-flash,M6,existing,baseline,1,True,True,True,711.319399999411,814.2525000002934,491,10,True,38a14ac592ddb116f500a5cb74d98064dce80b335f2bfa7d733f40ba30763627,,"{""targets"":[""A"",""start""]}",78475267b3f04be0f4968766152084bcc7694d7dc833f94095c062202f486a76,
deepseek,deepseek-flash,deepseek-flash,M6,existing,baseline,2,True,True,True,1147.9880000006233,1185.618200001045,491,10,True,38a14ac592ddb116f500a5cb74d98064dce80b335f2bfa7d733f40ba30763627,,"{""targets"":[""A"",""start""]}",78475267b3f04be0f4968766152084bcc7694d7dc833f94095c062202f486a76,
deepseek,deepseek-flash,deepseek-flash,M6,existing,baseline,3,True,True,True,564.6597000013571,643.6671999999817,491,10,True,38a14ac592ddb116f500a5cb74d98064dce80b335f2bfa7d733f40ba30763627,,"{""targets"":[""A"",""start""]}",78475267b3f04be0f4968766152084bcc7694d7dc833f94095c062202f486a76,
deepseek,deepseek-flash,deepseek-flash,U1,unseen,baseline,1,True,True,True,367.3283000007359,440.44660000145086,440,10,,,,"{""targets"":[""dock_K7""]}",e7706156cfc5d94a908b41a0e22e85b9dae31cbbcceb2ea983b6b6f92fb9a804,
deepseek,deepseek-flash,deepseek-flash,U1,unseen,baseline,2,True,True,True,492.0985999997356,596.0878999994748,440,10,,,,"{""targets"":[""dock_K7""]}",e7706156cfc5d94a908b41a0e22e85b9dae31cbbcceb2ea983b6b6f92fb9a804,
deepseek,deepseek-flash,deepseek-flash,U2,unseen,baseline,1,True,True,True,651.6040999995312,770.0473999993847,459,15,,,,"{""targets"":[""充电位"",""窗边"",""充电位""]}",4ad60d7b4a5e2f6c3f9db65c2953a005cc3a0ce59b4e20fb4eb3fb1e231f4771,
deepseek,deepseek-flash,deepseek-flash,U2,unseen,baseline,2,True,True,True,402.0704000013211,502.21980000060285,459,15,,,,"{""targets"":[""充电位"",""窗边"",""充电位""]}",4ad60d7b4a5e2f6c3f9db65c2953a005cc3a0ce59b4e20fb4eb3fb1e231f4771,
deepseek,deepseek-flash,deepseek-flash,U3,unseen,baseline,1,True,True,True,569.5052999999461,674.0152000002126,493,10,,,,"{""targets"":[""p-9""]}",f86c3ae9123a8b652d40697f58c3599d4feb40b05415db1b5f4c2a188b313a1b,
deepseek,deepseek-flash,deepseek-flash,U3,unseen,baseline,2,True,True,True,760.6887999991159,870.9567999994761,493,10,,,,"{""targets"":[""p-9""]}",f86c3ae9123a8b652d40697f58c3599d4feb40b05415db1b5f4c2a188b313a1b,
deepseek,deepseek-flash,deepseek-flash,U4,unseen,baseline,1,True,True,True,750.3649999998743,855.4884000004677,462,12,,,,"{""targets"":[""node_y"",""node_x""]}",68088491e38a348857b1173674679481206872b7d2d0f73e09ea0e759cb23547,
deepseek,deepseek-flash,deepseek-flash,U4,unseen,baseline,2,True,True,True,996.8267000003834,1041.3588999999774,462,12,,,,"{""targets"":[""node_y"",""node_x""]}",68088491e38a348857b1173674679481206872b7d2d0f73e09ea0e759cb23547,
deepseek,deepseek-flash,deepseek-flash,U5,unseen,baseline,1,True,True,True,697.1848999983195,800.4326999998739,477,12,,,,"{""targets"":[""station_C"",""origin_Z""]}",d2493a151698d86866c8e15126f70ecf92316645992899ded2bb8629d77a7d76,
deepseek,deepseek-flash,deepseek-flash,U5,unseen,baseline,2,True,True,True,672.4520999996457,823.8272999988112,477,12,,,,"{""targets"":[""station_C"",""origin_Z""]}",d2493a151698d86866c8e15126f70ecf92316645992899ded2bb8629d77a7d76,
deepseek,deepseek-flash,deepseek-flash,U6,unseen,baseline,1,True,True,True,473.61869999986084,586.9598999997834,499,18,,,,"{""targets"":[""bay_red"",""bay_blue"",""bay_green""]}",d541205d363129bc119a6a4684a755150d100a27f18cc0eb2057881e27b34905,
deepseek,deepseek-flash,deepseek-flash,U6,unseen,baseline,2,True,True,True,845.9015000007639,963.9046000011149,499,18,,,,"{""targets"":[""bay_red"",""bay_blue"",""bay_green""]}",d541205d363129bc119a6a4684a755150d100a27f18cc0eb2057881e27b34905,
deepseek,deepseek-flash,deepseek-flash,U7,unseen,baseline,1,True,True,True,531.9168999994872,537.7752000003966,435,17,,,,"{""stop_reason"":""仓库Q在目录中没有提供位置，无法安全前往""}",c83daa4829b5da203e97e35ab0be41f8131f6a7006ad60a6cde083b3ccc9be3f,
deepseek,deepseek-flash,deepseek-flash,U7,unseen,baseline,2,True,True,True,655.4636000000755,872.5068000003375,435,17,,,,"{""stop_reason"":""仓库Q不在公开目标目录中，无法安全前往""}",c83daa4829b5da203e97e35ab0be41f8131f6a7006ad60a6cde083b3ccc9be3f,
deepseek,deepseek-flash,deepseek-flash,U8,unseen,baseline,1,True,True,True,808.7207000007766,971.9863999998779,441,19,,,,"{""stop_reason"":""Emergency stop is latched; controller reports the task cannot continue safely""}",e97083236604b4ded67500c842b788bfccc870d5c03b6866a7e2d5e98f4d4e56,
deepseek,deepseek-flash,deepseek-flash,U8,unseen,baseline,2,True,True,True,372.2135999996681,517.6026000008278,441,17,,,,"{""stop_reason"":""Emergency stop latched; controller reports mission cannot continue safely""}",e97083236604b4ded67500c842b788bfccc870d5c03b6866a7e2d5e98f4d4e56,
deepseek,deepseek-flash,deepseek-flash,H1,existing,cross_profile,1,True,True,True,760.5426999998599,877.793699999529,654,8,True,93cd54f9ad6aed63be1cff9ad619eae6b305554497e2b04e4c8b3165cc98d429,,"{""targets"":[""target""]}",3d842d8a452b7ddcb0129ab46bfbab5d16c7c7cba03e030831dbd082b5c36d3b,
deepseek,deepseek-flash,deepseek-flash,H1,existing,cross_profile,2,True,True,True,1005.5442000011681,1048.256100000799,654,8,True,93cd54f9ad6aed63be1cff9ad619eae6b305554497e2b04e4c8b3165cc98d429,,"{""targets"":[""target""]}",3d842d8a452b7ddcb0129ab46bfbab5d16c7c7cba03e030831dbd082b5c36d3b,
deepseek,deepseek-flash,deepseek-flash,H1,existing,cross_profile,3,True,True,True,555.012999999235,633.5291999985202,654,8,True,93cd54f9ad6aed63be1cff9ad619eae6b305554497e2b04e4c8b3165cc98d429,,"{""targets"":[""target""]}",3d842d8a452b7ddcb0129ab46bfbab5d16c7c7cba03e030831dbd082b5c36d3b,
deepseek,deepseek-flash,deepseek-flash,H2,existing,cross_profile,1,True,True,True,797.8521000004548,881.8035000003874,654,8,True,cb108218ab95a40b9bbcfd0388b1ab524a6e9adfb1ccf030bdefcb05fd29e851,,"{""targets"":[""target""]}",3d842d8a452b7ddcb0129ab46bfbab5d16c7c7cba03e030831dbd082b5c36d3b,
deepseek,deepseek-flash,deepseek-flash,H2,existing,cross_profile,2,True,True,True,389.21060000029684,470.4442000002018,654,8,True,cb108218ab95a40b9bbcfd0388b1ab524a6e9adfb1ccf030bdefcb05fd29e851,,"{""targets"":[""target""]}",3d842d8a452b7ddcb0129ab46bfbab5d16c7c7cba03e030831dbd082b5c36d3b,
deepseek,deepseek-flash,deepseek-flash,H2,existing,cross_profile,3,True,True,True,726.6757999987021,820.7063999998354,654,8,True,cb108218ab95a40b9bbcfd0388b1ab524a6e9adfb1ccf030bdefcb05fd29e851,,"{""targets"":[""target""]}",3d842d8a452b7ddcb0129ab46bfbab5d16c7c7cba03e030831dbd082b5c36d3b,
deepseek,deepseek-flash,deepseek-flash,H3,existing,cross_profile,1,True,True,True,633.3780000004481,700.9479999996984,654,8,True,1715cdc6416cdfe52a70f07b1a17d0afd205df29b2e4c319a1329d1a215d3bc4,,"{""targets"":[""target""]}",3d842d8a452b7ddcb0129ab46bfbab5d16c7c7cba03e030831dbd082b5c36d3b,
deepseek,deepseek-flash,deepseek-flash,H3,existing,cross_profile,2,True,True,True,968.3064999990165,1083.5220999997546,654,8,True,1715cdc6416cdfe52a70f07b1a17d0afd205df29b2e4c319a1329d1a215d3bc4,,"{""targets"":[""target""]}",3d842d8a452b7ddcb0129ab46bfbab5d16c7c7cba03e030831dbd082b5c36d3b,
deepseek,deepseek-flash,deepseek-flash,H3,existing,cross_profile,3,True,True,True,776.4860000006593,900.6152000001748,654,8,True,1715cdc6416cdfe52a70f07b1a17d0afd205df29b2e4c319a1329d1a215d3bc4,,"{""targets"":[""target""]}",3d842d8a452b7ddcb0129ab46bfbab5d16c7c7cba03e030831dbd082b5c36d3b,
deepseek,deepseek-flash,deepseek-flash,H4,existing,cross_profile,1,True,True,True,642.8181999999651,733.9902999992773,654,8,True,da65a036ccfa3514146d0b9ab28a0cc0489452e027367b8e682319b179114102,,"{""targets"":[""target""]}",3d842d8a452b7ddcb0129ab46bfbab5d16c7c7cba03e030831dbd082b5c36d3b,
deepseek,deepseek-flash,deepseek-flash,H4,existing,cross_profile,2,True,True,True,603.347099999155,709.2398999993748,654,8,True,da65a036ccfa3514146d0b9ab28a0cc0489452e027367b8e682319b179114102,,"{""targets"":[""target""]}",3d842d8a452b7ddcb0129ab46bfbab5d16c7c7cba03e030831dbd082b5c36d3b,
deepseek,deepseek-flash,deepseek-flash,H4,existing,cross_profile,3,True,True,True,396.16879999994126,476.80419999960577,654,8,True,da65a036ccfa3514146d0b9ab28a0cc0489452e027367b8e682319b179114102,,"{""targets"":[""target""]}",3d842d8a452b7ddcb0129ab46bfbab5d16c7c7cba03e030831dbd082b5c36d3b,
deepseek,deepseek-flash,deepseek-flash,M1,existing,cross_profile,1,True,True,True,577.6454999995622,676.5959000003932,703,12,True,a0bb502258c3cc04a974a3f79990b989aebfb1cfa823561ad74579aefd35b622,,"{""targets"":[""A"",""B"",""start""]}",8dc526fb85d4f0aabc63424f806abf288c8bc02de7ad53417721cc98b59ac110,
deepseek,deepseek-flash,deepseek-flash,M1,existing,cross_profile,2,True,True,True,510.5702000000747,551.0848000012629,703,12,True,a0bb502258c3cc04a974a3f79990b989aebfb1cfa823561ad74579aefd35b622,,"{""targets"":[""A"",""B"",""start""]}",8dc526fb85d4f0aabc63424f806abf288c8bc02de7ad53417721cc98b59ac110,
deepseek,deepseek-flash,deepseek-flash,M1,existing,cross_profile,3,True,True,True,703.8123999991512,795.086000000083,703,12,True,a0bb502258c3cc04a974a3f79990b989aebfb1cfa823561ad74579aefd35b622,,"{""targets"":[""A"",""B"",""start""]}",8dc526fb85d4f0aabc63424f806abf288c8bc02de7ad53417721cc98b59ac110,
deepseek,deepseek-flash,deepseek-flash,M2,existing,cross_profile,1,True,True,True,625.0711000011506,714.7129000004497,700,10,True,1dbf938cfbf0d6c3d9c1ab06db7a8f0a5111d8ed3549a6868cbea35e58aff831,,"{""targets"":[""B"",""A""]}",12ad9c5d8abf9776fcbb421a2e712f30301ce5de3da47de5cd052189c493995f,
deepseek,deepseek-flash,deepseek-flash,M2,existing,cross_profile,2,True,True,True,681.1032000005071,772.5547999998525,700,10,True,1dbf938cfbf0d6c3d9c1ab06db7a8f0a5111d8ed3549a6868cbea35e58aff831,,"{""targets"":[""B"",""A""]}",12ad9c5d8abf9776fcbb421a2e712f30301ce5de3da47de5cd052189c493995f,
deepseek,deepseek-flash,deepseek-flash,M2,existing,cross_profile,3,True,True,True,716.4049000002706,813.0382999988797,700,10,True,1dbf938cfbf0d6c3d9c1ab06db7a8f0a5111d8ed3549a6868cbea35e58aff831,,"{""targets"":[""B"",""A""]}",12ad9c5d8abf9776fcbb421a2e712f30301ce5de3da47de5cd052189c493995f,
deepseek,deepseek-flash,deepseek-flash,M3,existing,cross_profile,1,True,True,True,552.1839000011823,624.1652000007889,681,12,True,92bf482649cfaefa83b778af1424285aa825844459049df8b985768cabfb5187,,"{""targets"":[""A"",""B"",""A""]}",cfeba7c6738e0251463644f379abe753a632b431a34d821b73bdc0d1f3149ca9,
deepseek,deepseek-flash,deepseek-flash,M3,existing,cross_profile,2,True,True,True,780.001799999809,976.4315000011266,681,12,True,92bf482649cfaefa83b778af1424285aa825844459049df8b985768cabfb5187,,"{""targets"":[""A"",""B"",""A""]}",cfeba7c6738e0251463644f379abe753a632b431a34d821b73bdc0d1f3149ca9,
deepseek,deepseek-flash,deepseek-flash,M3,existing,cross_profile,3,True,True,True,562.7650000005815,646.0208999997121,681,12,True,92bf482649cfaefa83b778af1424285aa825844459049df8b985768cabfb5187,,"{""targets"":[""A"",""B"",""A""]}",cfeba7c6738e0251463644f379abe753a632b431a34d821b73bdc0d1f3149ca9,
deepseek,deepseek-flash,deepseek-flash,M4,existing,cross_profile,1,True,True,True,464.0957999999955,572.4628999996639,705,8,True,f55ed2e66a2e65262c0c7b3ef89160f223d1388edb78b1ff3276b122f691117e,,"{""targets"":[""B""]}",cdcdb9b45e936e04b6f3c6314afcd66496a7c5fe81a162fb0ef570c5bf3a3879,
deepseek,deepseek-flash,deepseek-flash,M4,existing,cross_profile,2,True,True,True,522.8093000005174,615.9060999998474,705,8,True,f55ed2e66a2e65262c0c7b3ef89160f223d1388edb78b1ff3276b122f691117e,,"{""targets"":[""B""]}",cdcdb9b45e936e04b6f3c6314afcd66496a7c5fe81a162fb0ef570c5bf3a3879,
deepseek,deepseek-flash,deepseek-flash,M4,existing,cross_profile,3,True,True,True,684.0422000004764,795.2838000001066,705,8,True,f55ed2e66a2e65262c0c7b3ef89160f223d1388edb78b1ff3276b122f691117e,,"{""targets"":[""B""]}",cdcdb9b45e936e04b6f3c6314afcd66496a7c5fe81a162fb0ef570c5bf3a3879,
deepseek,deepseek-flash,deepseek-flash,M5,existing,cross_profile,1,True,True,True,706.7177000008087,792.9600000006758,675,10,True,d2aa76f424cc3b5ac1aa9dcb98352ebbeba490364e8b7ffa8f989696b932fa90,,"{""targets"":[""A"",""B""]}",afac3d9524e5aeff9c6962395f5ab86a7df4330b387b80be03efab8aef31f00f,
deepseek,deepseek-flash,deepseek-flash,M5,existing,cross_profile,2,True,True,True,489.8451999997633,595.4977000001236,675,10,True,d2aa76f424cc3b5ac1aa9dcb98352ebbeba490364e8b7ffa8f989696b932fa90,,"{""targets"":[""A"",""B""]}",afac3d9524e5aeff9c6962395f5ab86a7df4330b387b80be03efab8aef31f00f,
deepseek,deepseek-flash,deepseek-flash,M5,existing,cross_profile,3,True,True,True,657.5047000005725,694.0532999997231,675,10,True,d2aa76f424cc3b5ac1aa9dcb98352ebbeba490364e8b7ffa8f989696b932fa90,,"{""targets"":[""A"",""B""]}",afac3d9524e5aeff9c6962395f5ab86a7df4330b387b80be03efab8aef31f00f,
deepseek,deepseek-flash,deepseek-flash,M6,existing,cross_profile,1,True,True,True,457.3622999996587,559.8236999994697,700,10,True,38a14ac592ddb116f500a5cb74d98064dce80b335f2bfa7d733f40ba30763627,,"{""targets"":[""A"",""start""]}",d7e229101cca08965dde83eda8ada325445e5daec6d4fa8b634b44fe441e3000,
deepseek,deepseek-flash,deepseek-flash,M6,existing,cross_profile,2,True,True,True,660.5968000003486,747.4517000009655,700,10,True,38a14ac592ddb116f500a5cb74d98064dce80b335f2bfa7d733f40ba30763627,,"{""targets"":[""A"",""start""]}",d7e229101cca08965dde83eda8ada325445e5daec6d4fa8b634b44fe441e3000,
deepseek,deepseek-flash,deepseek-flash,M6,existing,cross_profile,3,True,True,True,611.7942999990191,650.5388999994466,700,10,True,38a14ac592ddb116f500a5cb74d98064dce80b335f2bfa7d733f40ba30763627,,"{""targets"":[""A"",""start""]}",d7e229101cca08965dde83eda8ada325445e5daec6d4fa8b634b44fe441e3000,
deepseek,deepseek-flash,deepseek-flash,U1,unseen,cross_profile,1,True,True,True,706.6236999999091,822.3371999993105,651,10,,,,"{""targets"":[""dock_K7""]}",69183a1d191e33b7a941f0a4c1bfc5fbec3688bdc11427b0b53219adda0c426a,
deepseek,deepseek-flash,deepseek-flash,U1,unseen,cross_profile,2,True,True,True,724.8472999999649,851.987600000939,651,10,,,,"{""targets"":[""dock_K7""]}",69183a1d191e33b7a941f0a4c1bfc5fbec3688bdc11427b0b53219adda0c426a,
deepseek,deepseek-flash,deepseek-flash,U2,unseen,cross_profile,1,True,True,True,637.2317000004841,795.0196999991022,669,15,,,,"{""targets"":[""充电位"",""窗边"",""充电位""]}",c10b427559f46589b1aeb8c7d2dce83f8a32e866a7823de6528f9b09015ee67c,
deepseek,deepseek-flash,deepseek-flash,U2,unseen,cross_profile,2,True,True,True,493.86779999986175,590.4766000003292,669,15,,,,"{""targets"":[""充电位"",""窗边"",""充电位""]}",c10b427559f46589b1aeb8c7d2dce83f8a32e866a7823de6528f9b09015ee67c,
deepseek,deepseek-flash,deepseek-flash,U3,unseen,cross_profile,1,True,True,True,1038.8767999993433,1158.8972999998077,704,10,,,,"{""targets"":[""p-9""]}",edac8ee3af7bebfc76a2d133bd038a1861ef18ea461666fcd0a9003524b51540,
deepseek,deepseek-flash,deepseek-flash,U3,unseen,cross_profile,2,True,True,True,756.952600000659,932.3863000008714,704,10,,,,"{""targets"":[""p-9""]}",edac8ee3af7bebfc76a2d133bd038a1861ef18ea461666fcd0a9003524b51540,
deepseek,deepseek-flash,deepseek-flash,U4,unseen,cross_profile,1,True,True,True,657.4220999991667,791.3809000001493,672,12,,,,"{""targets"":[""node_y"",""node_x""]}",8b989df6ab993c209df550750e24974aeddab78141c6991d36a246591b5cff6d,
deepseek,deepseek-flash,deepseek-flash,U4,unseen,cross_profile,2,True,True,True,787.2901999999158,914.4512999992003,672,12,,,,"{""targets"":[""node_y"",""node_x""]}",8b989df6ab993c209df550750e24974aeddab78141c6991d36a246591b5cff6d,
deepseek,deepseek-flash,deepseek-flash,U5,unseen,cross_profile,1,True,True,True,516.5835999996489,1051.874200000384,687,12,,,,"{""targets"":[""station_C"",""origin_Z""]}",9bba36c77e2c062545a26d61f0e529c637eeb819ad9a7bcdd6e1ef8970dd841b,
deepseek,deepseek-flash,deepseek-flash,U5,unseen,cross_profile,2,True,True,True,665.7418999984657,765.7749999998487,687,12,,,,"{""targets"":[""station_C"",""origin_Z""]}",9bba36c77e2c062545a26d61f0e529c637eeb819ad9a7bcdd6e1ef8970dd841b,
deepseek,deepseek-flash,deepseek-flash,U6,unseen,cross_profile,1,True,True,True,630.2954000002501,762.1388000006846,710,18,,,,"{""targets"":[""bay_red"",""bay_blue"",""bay_green""]}",26e588db473196063687ace8c9e0651e1d8d80627a68e18ea470c78c7230dd4b,
deepseek,deepseek-flash,deepseek-flash,U6,unseen,cross_profile,2,True,True,True,831.1572000002343,1003.5611000002973,710,18,,,,"{""targets"":[""bay_red"",""bay_blue"",""bay_green""]}",26e588db473196063687ace8c9e0651e1d8d80627a68e18ea470c78c7230dd4b,
deepseek,deepseek-flash,deepseek-flash,U7,unseen,cross_profile,1,True,True,True,511.11610000043584,705.1615999989735,646,29,,,,"{""stop_reason"":""请求的目的地“仓库Q”不在public_targets目录中，且没有提供坐标，因此无法解析。""}",ed4e19678e4e5efa36203f2c7e0d0d328af94c6103adb30bf36b31680e2c29e7,
deepseek,deepseek-flash,deepseek-flash,U7,unseen,cross_profile,2,True,True,True,636.5015999999741,821.761900000638,646,20,,,,"{""stop_reason"":""仓库Q不在public_targets目录中，无法解析该目的地。""}",ed4e19678e4e5efa36203f2c7e0d0d328af94c6103adb30bf36b31680e2c29e7,
deepseek,deepseek-flash,deepseek-flash,U8,unseen,cross_profile,1,True,True,True,730.6205000004411,989.7608999999647,651,31,,,,"{""stop_reason"":""Emergency stop is latched (EmergencyStopLatched); controller reports the robot is stopped and must not continue to port_N.""}",b23a0305b178c84e2a2222c972a3c25a7d63ffa9a4b3165339277eb41f04d4ab,
deepseek,deepseek-flash,deepseek-flash,U8,unseen,cross_profile,2,True,True,True,459.3221999984962,646.780499999295,651,18,,,,"{""stop_reason"":""控制器报告急停已锁定，无法继续前往port_N""}",b23a0305b178c84e2a2222c972a3c25a7d63ffa9a4b3165339277eb41f04d4ab,
deepseek,deepseek-flash,deepseek-flash,H1,existing,native_profile,1,True,True,True,471.66850000030536,603.8167000006069,625,8,True,93cd54f9ad6aed63be1cff9ad619eae6b305554497e2b04e4c8b3165cc98d429,,"{""targets"":[""target""]}",7d4398744d0564354bccb7ec0cf0d71d7f3173c682ca016c5f2566dffbb19ca0,
deepseek,deepseek-flash,deepseek-flash,H1,existing,native_profile,2,True,True,True,381.15860000107205,438.40459999955783,625,8,True,93cd54f9ad6aed63be1cff9ad619eae6b305554497e2b04e4c8b3165cc98d429,,"{""targets"":[""target""]}",7d4398744d0564354bccb7ec0cf0d71d7f3173c682ca016c5f2566dffbb19ca0,
deepseek,deepseek-flash,deepseek-flash,H1,existing,native_profile,3,True,True,True,515.7792999998492,608.205700000326,625,8,True,93cd54f9ad6aed63be1cff9ad619eae6b305554497e2b04e4c8b3165cc98d429,,"{""targets"":[""target""]}",7d4398744d0564354bccb7ec0cf0d71d7f3173c682ca016c5f2566dffbb19ca0,
deepseek,deepseek-flash,deepseek-flash,H2,existing,native_profile,1,True,True,True,695.0934999986202,781.9321999995736,625,8,True,cb108218ab95a40b9bbcfd0388b1ab524a6e9adfb1ccf030bdefcb05fd29e851,,"{""targets"":[""target""]}",7d4398744d0564354bccb7ec0cf0d71d7f3173c682ca016c5f2566dffbb19ca0,
deepseek,deepseek-flash,deepseek-flash,H2,existing,native_profile,2,True,True,True,854.4192000008479,854.6838000002026,625,8,True,cb108218ab95a40b9bbcfd0388b1ab524a6e9adfb1ccf030bdefcb05fd29e851,,"{""targets"":[""target""]}",7d4398744d0564354bccb7ec0cf0d71d7f3173c682ca016c5f2566dffbb19ca0,
deepseek,deepseek-flash,deepseek-flash,H2,existing,native_profile,3,True,True,True,750.4513999992923,858.1634999991365,625,8,True,cb108218ab95a40b9bbcfd0388b1ab524a6e9adfb1ccf030bdefcb05fd29e851,,"{""targets"":[""target""]}",7d4398744d0564354bccb7ec0cf0d71d7f3173c682ca016c5f2566dffbb19ca0,
deepseek,deepseek-flash,deepseek-flash,H3,existing,native_profile,1,True,True,True,736.2637999995059,825.5661999992299,625,8,True,1715cdc6416cdfe52a70f07b1a17d0afd205df29b2e4c319a1329d1a215d3bc4,,"{""targets"":[""target""]}",7d4398744d0564354bccb7ec0cf0d71d7f3173c682ca016c5f2566dffbb19ca0,
deepseek,deepseek-flash,deepseek-flash,H3,existing,native_profile,2,True,True,True,784.8328000000038,897.8062000005593,625,8,True,1715cdc6416cdfe52a70f07b1a17d0afd205df29b2e4c319a1329d1a215d3bc4,,"{""targets"":[""target""]}",7d4398744d0564354bccb7ec0cf0d71d7f3173c682ca016c5f2566dffbb19ca0,
deepseek,deepseek-flash,deepseek-flash,H3,existing,native_profile,3,True,True,True,361.6619000003993,473.9088000005722,625,8,True,1715cdc6416cdfe52a70f07b1a17d0afd205df29b2e4c319a1329d1a215d3bc4,,"{""targets"":[""target""]}",7d4398744d0564354bccb7ec0cf0d71d7f3173c682ca016c5f2566dffbb19ca0,
deepseek,deepseek-flash,deepseek-flash,H4,existing,native_profile,1,True,True,True,791.3013999987015,914.6230999995169,625,8,True,da65a036ccfa3514146d0b9ab28a0cc0489452e027367b8e682319b179114102,,"{""targets"":[""target""]}",7d4398744d0564354bccb7ec0cf0d71d7f3173c682ca016c5f2566dffbb19ca0,
deepseek,deepseek-flash,deepseek-flash,H4,existing,native_profile,2,True,True,True,543.4392000006483,639.025300000867,625,8,True,da65a036ccfa3514146d0b9ab28a0cc0489452e027367b8e682319b179114102,,"{""targets"":[""target""]}",7d4398744d0564354bccb7ec0cf0d71d7f3173c682ca016c5f2566dffbb19ca0,
deepseek,deepseek-flash,deepseek-flash,H4,existing,native_profile,3,True,True,True,619.8415999988356,699.1748000000371,625,8,True,da65a036ccfa3514146d0b9ab28a0cc0489452e027367b8e682319b179114102,,"{""targets"":[""target""]}",7d4398744d0564354bccb7ec0cf0d71d7f3173c682ca016c5f2566dffbb19ca0,
deepseek,deepseek-flash,deepseek-flash,M1,existing,native_profile,1,True,True,True,902.1341999996366,1002.4718999993638,674,12,True,a0bb502258c3cc04a974a3f79990b989aebfb1cfa823561ad74579aefd35b622,,"{""targets"":[""A"",""B"",""start""]}",5c482f6f6d7cc65eeee1f75aa3992ff60e068284a978689362f7d8dca03a064f,
deepseek,deepseek-flash,deepseek-flash,M1,existing,native_profile,2,True,True,True,339.3482000010408,596.7674000003171,674,12,True,a0bb502258c3cc04a974a3f79990b989aebfb1cfa823561ad74579aefd35b622,,"{""targets"":[""A"",""B"",""start""]}",5c482f6f6d7cc65eeee1f75aa3992ff60e068284a978689362f7d8dca03a064f,
deepseek,deepseek-flash,deepseek-flash,M1,existing,native_profile,3,True,True,True,743.6799999995856,869.5905000004132,674,12,True,a0bb502258c3cc04a974a3f79990b989aebfb1cfa823561ad74579aefd35b622,,"{""targets"":[""A"",""B"",""start""]}",5c482f6f6d7cc65eeee1f75aa3992ff60e068284a978689362f7d8dca03a064f,
deepseek,deepseek-flash,deepseek-flash,M2,existing,native_profile,1,True,True,True,340.4226999991806,473.6979999997857,671,10,True,1dbf938cfbf0d6c3d9c1ab06db7a8f0a5111d8ed3549a6868cbea35e58aff831,,"{""targets"":[""B"",""A""]}",3c04ed15a0221450d006b50dcd660145be00d59bc48187dcebcd8d783dbbb984,
deepseek,deepseek-flash,deepseek-flash,M2,existing,native_profile,2,True,True,True,623.3222000009846,703.8764000008086,671,10,True,1dbf938cfbf0d6c3d9c1ab06db7a8f0a5111d8ed3549a6868cbea35e58aff831,,"{""targets"":[""B"",""A""]}",3c04ed15a0221450d006b50dcd660145be00d59bc48187dcebcd8d783dbbb984,
deepseek,deepseek-flash,deepseek-flash,M2,existing,native_profile,3,True,True,True,541.8065000012575,634.8948000013479,671,10,True,1dbf938cfbf0d6c3d9c1ab06db7a8f0a5111d8ed3549a6868cbea35e58aff831,,"{""targets"":[""B"",""A""]}",3c04ed15a0221450d006b50dcd660145be00d59bc48187dcebcd8d783dbbb984,
deepseek,deepseek-flash,deepseek-flash,M3,existing,native_profile,1,True,True,True,532.0976999992126,632.3771999996097,652,12,True,92bf482649cfaefa83b778af1424285aa825844459049df8b985768cabfb5187,,"{""targets"":[""A"",""B"",""A""]}",2c5a18dbcae010f789d7a8a6e34327160ab90c05d3edf3ce43276cb6c20b72e0,
deepseek,deepseek-flash,deepseek-flash,M3,existing,native_profile,2,True,True,True,846.1666000002879,981.7929000000731,652,12,True,92bf482649cfaefa83b778af1424285aa825844459049df8b985768cabfb5187,,"{""targets"":[""A"",""B"",""A""]}",2c5a18dbcae010f789d7a8a6e34327160ab90c05d3edf3ce43276cb6c20b72e0,
deepseek,deepseek-flash,deepseek-flash,M3,existing,native_profile,3,True,True,True,712.7320999989024,818.1155000002036,652,12,True,92bf482649cfaefa83b778af1424285aa825844459049df8b985768cabfb5187,,"{""targets"":[""A"",""B"",""A""]}",2c5a18dbcae010f789d7a8a6e34327160ab90c05d3edf3ce43276cb6c20b72e0,
deepseek,deepseek-flash,deepseek-flash,M4,existing,native_profile,1,True,True,True,680.4077000015241,777.4858000011591,676,8,True,f55ed2e66a2e65262c0c7b3ef89160f223d1388edb78b1ff3276b122f691117e,,"{""targets"":[""B""]}",bbeef5ed1cad0994e61a940a8d6a4831d077811218a1d7c091e824755ddf4543,
deepseek,deepseek-flash,deepseek-flash,M4,existing,native_profile,2,True,True,True,417.8302000000258,488.07899999883375,676,8,True,f55ed2e66a2e65262c0c7b3ef89160f223d1388edb78b1ff3276b122f691117e,,"{""targets"":[""B""]}",bbeef5ed1cad0994e61a940a8d6a4831d077811218a1d7c091e824755ddf4543,
deepseek,deepseek-flash,deepseek-flash,M4,existing,native_profile,3,True,True,True,745.4314000005979,856.8488000000798,676,8,True,f55ed2e66a2e65262c0c7b3ef89160f223d1388edb78b1ff3276b122f691117e,,"{""targets"":[""B""]}",bbeef5ed1cad0994e61a940a8d6a4831d077811218a1d7c091e824755ddf4543,
deepseek,deepseek-flash,deepseek-flash,M5,existing,native_profile,1,True,True,True,967.6362999998673,971.2257999999565,646,10,True,d2aa76f424cc3b5ac1aa9dcb98352ebbeba490364e8b7ffa8f989696b932fa90,,"{""targets"":[""A"",""B""]}",8f85899b9aa78f9fd5400c3fa8f38599846009fcd07a0f275dbbf4bbf03465ac,
deepseek,deepseek-flash,deepseek-flash,M5,existing,native_profile,2,True,True,True,666.679899999508,844.6777000008296,646,10,True,d2aa76f424cc3b5ac1aa9dcb98352ebbeba490364e8b7ffa8f989696b932fa90,,"{""targets"":[""A"",""B""]}",8f85899b9aa78f9fd5400c3fa8f38599846009fcd07a0f275dbbf4bbf03465ac,
deepseek,deepseek-flash,deepseek-flash,M5,existing,native_profile,3,True,True,True,773.0086999999912,1089.3247000003612,646,10,True,d2aa76f424cc3b5ac1aa9dcb98352ebbeba490364e8b7ffa8f989696b932fa90,,"{""targets"":[""A"",""B""]}",8f85899b9aa78f9fd5400c3fa8f38599846009fcd07a0f275dbbf4bbf03465ac,
deepseek,deepseek-flash,deepseek-flash,M6,existing,native_profile,1,True,True,True,860.9121000008599,947.909400001663,671,10,True,38a14ac592ddb116f500a5cb74d98064dce80b335f2bfa7d733f40ba30763627,,"{""targets"":[""A"",""start""]}",c0d91cdcd4d48bdb9f3dcd05f85511accfc107c409e77efe7ee83c7320e2dc73,
deepseek,deepseek-flash,deepseek-flash,M6,existing,native_profile,2,True,True,True,691.9417999997677,805.2090000001044,671,10,True,38a14ac592ddb116f500a5cb74d98064dce80b335f2bfa7d733f40ba30763627,,"{""targets"":[""A"",""start""]}",c0d91cdcd4d48bdb9f3dcd05f85511accfc107c409e77efe7ee83c7320e2dc73,
deepseek,deepseek-flash,deepseek-flash,M6,existing,native_profile,3,True,True,True,636.0812999992049,737.1552999993582,671,10,True,38a14ac592ddb116f500a5cb74d98064dce80b335f2bfa7d733f40ba30763627,,"{""targets"":[""A"",""start""]}",c0d91cdcd4d48bdb9f3dcd05f85511accfc107c409e77efe7ee83c7320e2dc73,
deepseek,deepseek-flash,deepseek-flash,U1,unseen,native_profile,1,True,True,True,1162.3411000000488,1264.6017000006395,622,10,,,,"{""targets"":[""dock_K7""]}",351450520adda14c576a89f3f0d37f2288045675e04fe201e2234fda79234a29,
deepseek,deepseek-flash,deepseek-flash,U1,unseen,native_profile,2,True,True,True,557.3917000001529,650.8524000000762,622,10,,,,"{""targets"":[""dock_K7""]}",351450520adda14c576a89f3f0d37f2288045675e04fe201e2234fda79234a29,
deepseek,deepseek-flash,deepseek-flash,U2,unseen,native_profile,1,True,True,True,678.9561000005051,772.831700000097,640,15,,,,"{""targets"":[""充电位"",""窗边"",""充电位""]}",404f5ec06f27bf54b6a96634b25cbb5a05bd964bb1f3e52796b72bab2ab28fa3,
deepseek,deepseek-flash,deepseek-flash,U2,unseen,native_profile,2,True,True,True,230.92739999992773,316.3765000008425,640,15,,,,"{""targets"":[""充电位"",""窗边"",""充电位""]}",404f5ec06f27bf54b6a96634b25cbb5a05bd964bb1f3e52796b72bab2ab28fa3,
deepseek,deepseek-flash,deepseek-flash,U3,unseen,native_profile,1,True,True,True,553.2158999994863,656.657899999118,675,10,,,,"{""targets"":[""p-9""]}",14ef38a2819665a1aadffff3ae05fba288ce2a5e66bce643ccca02202ac9fde4,
deepseek,deepseek-flash,deepseek-flash,U3,unseen,native_profile,2,True,True,True,778.6742999996932,938.4754000002431,675,10,,,,"{""targets"":[""p-9""]}",14ef38a2819665a1aadffff3ae05fba288ce2a5e66bce643ccca02202ac9fde4,
deepseek,deepseek-flash,deepseek-flash,U4,unseen,native_profile,1,True,True,True,605.2211999995052,694.5309000002453,643,12,,,,"{""targets"":[""node_y"",""node_x""]}",ddf94be30f4c0db1b04504ff7718a28d4c945823958c31fdc872e2abecd5b8e4,
deepseek,deepseek-flash,deepseek-flash,U4,unseen,native_profile,2,True,True,True,608.3511999986513,721.8028999996022,643,12,,,,"{""targets"":[""node_y"",""node_x""]}",ddf94be30f4c0db1b04504ff7718a28d4c945823958c31fdc872e2abecd5b8e4,
deepseek,deepseek-flash,deepseek-flash,U5,unseen,native_profile,1,True,True,True,745.4211000003852,852.265499999703,658,12,,,,"{""targets"":[""station_C"",""origin_Z""]}",015537daea7aebc5e91ee8ecfe29c77753719521f58fcadbdfe89f1dbfef0d47,
deepseek,deepseek-flash,deepseek-flash,U5,unseen,native_profile,2,True,True,True,623.5054999997374,726.4570999996067,658,12,,,,"{""targets"":[""station_C"",""origin_Z""]}",015537daea7aebc5e91ee8ecfe29c77753719521f58fcadbdfe89f1dbfef0d47,
deepseek,deepseek-flash,deepseek-flash,U6,unseen,native_profile,1,True,True,True,673.4582999997656,802.0535999985441,681,18,,,,"{""targets"":[""bay_red"",""bay_blue"",""bay_green""]}",f9b954f34725f2a5ea2b59b4474e958a873c23a579312a482ea81a1836c96a50,
deepseek,deepseek-flash,deepseek-flash,U6,unseen,native_profile,2,True,True,True,1099.438299999747,1140.291800000341,681,18,,,,"{""targets"":[""bay_red"",""bay_blue"",""bay_green""]}",f9b954f34725f2a5ea2b59b4474e958a873c23a579312a482ea81a1836c96a50,
deepseek,deepseek-flash,deepseek-flash,U7,unseen,native_profile,1,True,True,True,759.2777000008937,927.0162000011624,617,16,,,,"{""stop_reason"":""仓库Q不在目录中，无法解析其位置""}",0ae0e1d85218b0e7bd78288f05fc72cff57b55230c498c6ff84db556a97e979d,
deepseek,deepseek-flash,deepseek-flash,U7,unseen,native_profile,2,True,True,True,442.50060000013036,596.7627999998513,617,16,,,,"{""stop_reason"":""仓库Q不在目录中，无法解析其位置""}",0ae0e1d85218b0e7bd78288f05fc72cff57b55230c498c6ff84db556a97e979d,
deepseek,deepseek-flash,deepseek-flash,U8,unseen,native_profile,1,True,True,True,518.3500000002823,715.3199000003951,622,21,,,,"{""stop_reason"":""Emergency stop latched; controller reports safety condition preventing continuation to port_N.""}",e2c833824db9b32f76689fa544170f5e500a9ad8045533ce2802b130ddef66ab,
deepseek,deepseek-flash,deepseek-flash,U8,unseen,native_profile,2,True,True,True,699.4157000008272,807.3880000010831,622,17,,,,"{""stop_reason"":""Emergency stop latched; cannot continue to port_N.""}",e2c833824db9b32f76689fa544170f5e500a9ad8045533ce2802b130ddef66ab,
deepseek,deepseek-flash,deepseek-flash,H1,existing,shared,1,True,True,True,426.2159999998403,555.4862999997567,589,8,True,93cd54f9ad6aed63be1cff9ad619eae6b305554497e2b04e4c8b3165cc98d429,,"{""targets"":[""target""]}",53c6141b9dc4b5d10864ca7cf06423490b00d2a74d748c628cb305ff4c4c0b67,
deepseek,deepseek-flash,deepseek-flash,H1,existing,shared,2,True,True,True,603.485499999806,668.0598999992071,589,8,True,93cd54f9ad6aed63be1cff9ad619eae6b305554497e2b04e4c8b3165cc98d429,,"{""targets"":[""target""]}",53c6141b9dc4b5d10864ca7cf06423490b00d2a74d748c628cb305ff4c4c0b67,
deepseek,deepseek-flash,deepseek-flash,H1,existing,shared,3,True,True,True,607.4200000002747,690.728699999454,589,8,True,93cd54f9ad6aed63be1cff9ad619eae6b305554497e2b04e4c8b3165cc98d429,,"{""targets"":[""target""]}",53c6141b9dc4b5d10864ca7cf06423490b00d2a74d748c628cb305ff4c4c0b67,
deepseek,deepseek-flash,deepseek-flash,H2,existing,shared,1,True,True,True,758.2230000007257,841.2478000009287,589,8,True,cb108218ab95a40b9bbcfd0388b1ab524a6e9adfb1ccf030bdefcb05fd29e851,,"{""targets"":[""target""]}",53c6141b9dc4b5d10864ca7cf06423490b00d2a74d748c628cb305ff4c4c0b67,
deepseek,deepseek-flash,deepseek-flash,H2,existing,shared,2,True,True,True,876.3910999987274,929.7127999998338,589,8,True,cb108218ab95a40b9bbcfd0388b1ab524a6e9adfb1ccf030bdefcb05fd29e851,,"{""targets"":[""target""]}",53c6141b9dc4b5d10864ca7cf06423490b00d2a74d748c628cb305ff4c4c0b67,
deepseek,deepseek-flash,deepseek-flash,H2,existing,shared,3,True,True,True,789.9906999991799,916.8121000002429,589,8,True,cb108218ab95a40b9bbcfd0388b1ab524a6e9adfb1ccf030bdefcb05fd29e851,,"{""targets"":[""target""]}",53c6141b9dc4b5d10864ca7cf06423490b00d2a74d748c628cb305ff4c4c0b67,
deepseek,deepseek-flash,deepseek-flash,H3,existing,shared,1,True,True,True,649.5368999985658,736.7562999988877,589,8,True,1715cdc6416cdfe52a70f07b1a17d0afd205df29b2e4c319a1329d1a215d3bc4,,"{""targets"":[""target""]}",53c6141b9dc4b5d10864ca7cf06423490b00d2a74d748c628cb305ff4c4c0b67,
deepseek,deepseek-flash,deepseek-flash,H3,existing,shared,2,True,True,True,627.7161999987584,746.7151999990165,589,8,True,1715cdc6416cdfe52a70f07b1a17d0afd205df29b2e4c319a1329d1a215d3bc4,,"{""targets"":[""target""]}",53c6141b9dc4b5d10864ca7cf06423490b00d2a74d748c628cb305ff4c4c0b67,
deepseek,deepseek-flash,deepseek-flash,H3,existing,shared,3,True,True,True,631.1674999997194,743.7714000006963,589,8,True,1715cdc6416cdfe52a70f07b1a17d0afd205df29b2e4c319a1329d1a215d3bc4,,"{""targets"":[""target""]}",53c6141b9dc4b5d10864ca7cf06423490b00d2a74d748c628cb305ff4c4c0b67,
deepseek,deepseek-flash,deepseek-flash,H4,existing,shared,1,True,True,True,769.5041999995738,855.8119999997871,589,8,True,da65a036ccfa3514146d0b9ab28a0cc0489452e027367b8e682319b179114102,,"{""targets"":[""target""]}",53c6141b9dc4b5d10864ca7cf06423490b00d2a74d748c628cb305ff4c4c0b67,
deepseek,deepseek-flash,deepseek-flash,H4,existing,shared,2,True,True,True,715.0185999998939,821.1683999998058,589,8,True,da65a036ccfa3514146d0b9ab28a0cc0489452e027367b8e682319b179114102,,"{""targets"":[""target""]}",53c6141b9dc4b5d10864ca7cf06423490b00d2a74d748c628cb305ff4c4c0b67,
deepseek,deepseek-flash,deepseek-flash,H4,existing,shared,3,True,True,True,584.3022000008204,696.3587999998708,589,8,True,da65a036ccfa3514146d0b9ab28a0cc0489452e027367b8e682319b179114102,,"{""targets"":[""target""]}",53c6141b9dc4b5d10864ca7cf06423490b00d2a74d748c628cb305ff4c4c0b67,
deepseek,deepseek-flash,deepseek-flash,M1,existing,shared,1,True,True,True,414.5446999991691,477.434299999004,638,12,True,a0bb502258c3cc04a974a3f79990b989aebfb1cfa823561ad74579aefd35b622,,"{""targets"":[""A"",""B"",""start""]}",dfa2458fa4278fa8a98822583dd89b211a232c52f1e054b6a27826fe843342b1,
deepseek,deepseek-flash,deepseek-flash,M1,existing,shared,2,True,True,True,584.1200999984721,680.7036999998672,638,12,True,a0bb502258c3cc04a974a3f79990b989aebfb1cfa823561ad74579aefd35b622,,"{""targets"":[""A"",""B"",""start""]}",dfa2458fa4278fa8a98822583dd89b211a232c52f1e054b6a27826fe843342b1,
deepseek,deepseek-flash,deepseek-flash,M1,existing,shared,3,True,True,True,862.2199000001274,924.2195000006177,638,12,True,a0bb502258c3cc04a974a3f79990b989aebfb1cfa823561ad74579aefd35b622,,"{""targets"":[""A"",""B"",""start""]}",dfa2458fa4278fa8a98822583dd89b211a232c52f1e054b6a27826fe843342b1,
deepseek,deepseek-flash,deepseek-flash,M2,existing,shared,1,True,True,True,536.1346999998204,614.6837999986019,635,10,True,1dbf938cfbf0d6c3d9c1ab06db7a8f0a5111d8ed3549a6868cbea35e58aff831,,"{""targets"":[""B"",""A""]}",5660c94103ce0d565c9782db8e69908145e20ec1a60b150fe4c1f8d286a6a21b,
deepseek,deepseek-flash,deepseek-flash,M2,existing,shared,2,True,True,True,786.9792000001326,896.1999999992258,635,10,True,1dbf938cfbf0d6c3d9c1ab06db7a8f0a5111d8ed3549a6868cbea35e58aff831,,"{""targets"":[""B"",""A""]}",5660c94103ce0d565c9782db8e69908145e20ec1a60b150fe4c1f8d286a6a21b,
deepseek,deepseek-flash,deepseek-flash,M2,existing,shared,3,True,True,True,529.0776000001642,644.3400999996811,635,10,True,1dbf938cfbf0d6c3d9c1ab06db7a8f0a5111d8ed3549a6868cbea35e58aff831,,"{""targets"":[""B"",""A""]}",5660c94103ce0d565c9782db8e69908145e20ec1a60b150fe4c1f8d286a6a21b,
deepseek,deepseek-flash,deepseek-flash,M3,existing,shared,1,True,True,True,530.8598999999958,635.3889999991225,616,12,True,92bf482649cfaefa83b778af1424285aa825844459049df8b985768cabfb5187,,"{""targets"":[""A"",""B"",""A""]}",26a50598fa21298f952444de4376ed744385f2f908cb27cf39a341f94e11f116,
deepseek,deepseek-flash,deepseek-flash,M3,existing,shared,2,True,True,True,606.234000000768,716.7774000008649,616,12,True,92bf482649cfaefa83b778af1424285aa825844459049df8b985768cabfb5187,,"{""targets"":[""A"",""B"",""A""]}",26a50598fa21298f952444de4376ed744385f2f908cb27cf39a341f94e11f116,
deepseek,deepseek-flash,deepseek-flash,M3,existing,shared,3,True,True,True,637.5638999998046,817.1427999986918,616,12,True,92bf482649cfaefa83b778af1424285aa825844459049df8b985768cabfb5187,,"{""targets"":[""A"",""B"",""A""]}",26a50598fa21298f952444de4376ed744385f2f908cb27cf39a341f94e11f116,
deepseek,deepseek-flash,deepseek-flash,M4,existing,shared,1,True,True,True,807.4340000002849,807.5437000006787,640,8,True,f55ed2e66a2e65262c0c7b3ef89160f223d1388edb78b1ff3276b122f691117e,,"{""targets"":[""B""]}",e15cd571b8bc29af535b085770421bf0eaaf07558d7f23b2de1d858a1f12c728,
deepseek,deepseek-flash,deepseek-flash,M4,existing,shared,2,True,True,True,680.5101999998442,790.8815999999206,640,8,True,f55ed2e66a2e65262c0c7b3ef89160f223d1388edb78b1ff3276b122f691117e,,"{""targets"":[""B""]}",e15cd571b8bc29af535b085770421bf0eaaf07558d7f23b2de1d858a1f12c728,
deepseek,deepseek-flash,deepseek-flash,M4,existing,shared,3,True,True,True,487.87520000041695,532.0074000010209,640,8,True,f55ed2e66a2e65262c0c7b3ef89160f223d1388edb78b1ff3276b122f691117e,,"{""targets"":[""B""]}",e15cd571b8bc29af535b085770421bf0eaaf07558d7f23b2de1d858a1f12c728,
deepseek,deepseek-flash,deepseek-flash,M5,existing,shared,1,True,True,True,567.8447999998752,669.5753000003606,610,10,True,d2aa76f424cc3b5ac1aa9dcb98352ebbeba490364e8b7ffa8f989696b932fa90,,"{""targets"":[""A"",""B""]}",47b522d0daa5206851dcf748ec18a3ceee53427f3520f87c3d48e8c802d54f9d,
deepseek,deepseek-flash,deepseek-flash,M5,existing,shared,2,True,True,True,561.9846000008692,734.2281000001094,610,10,True,d2aa76f424cc3b5ac1aa9dcb98352ebbeba490364e8b7ffa8f989696b932fa90,,"{""targets"":[""A"",""B""]}",47b522d0daa5206851dcf748ec18a3ceee53427f3520f87c3d48e8c802d54f9d,
deepseek,deepseek-flash,deepseek-flash,M5,existing,shared,3,True,True,True,852.4479000006977,904.6875000003638,610,10,True,d2aa76f424cc3b5ac1aa9dcb98352ebbeba490364e8b7ffa8f989696b932fa90,,"{""targets"":[""A"",""B""]}",47b522d0daa5206851dcf748ec18a3ceee53427f3520f87c3d48e8c802d54f9d,
deepseek,deepseek-flash,deepseek-flash,M6,existing,shared,1,True,True,True,735.3806999999506,794.6780000002036,635,10,True,38a14ac592ddb116f500a5cb74d98064dce80b335f2bfa7d733f40ba30763627,,"{""targets"":[""A"",""start""]}",d820f65b68ab408741bf9e7ea2b6415e7f37311c2227a7764cb7d8f8a53c6ae5,
deepseek,deepseek-flash,deepseek-flash,M6,existing,shared,2,True,True,True,773.8237000012305,881.6885000014736,635,10,True,38a14ac592ddb116f500a5cb74d98064dce80b335f2bfa7d733f40ba30763627,,"{""targets"":[""A"",""start""]}",d820f65b68ab408741bf9e7ea2b6415e7f37311c2227a7764cb7d8f8a53c6ae5,
deepseek,deepseek-flash,deepseek-flash,M6,existing,shared,3,True,True,True,721.3611999995919,893.4675000000425,635,10,True,38a14ac592ddb116f500a5cb74d98064dce80b335f2bfa7d733f40ba30763627,,"{""targets"":[""A"",""start""]}",d820f65b68ab408741bf9e7ea2b6415e7f37311c2227a7764cb7d8f8a53c6ae5,
deepseek,deepseek-flash,deepseek-flash,U1,unseen,shared,1,True,True,True,688.6034999988624,824.7137999987899,586,10,,,,"{""targets"":[""dock_K7""]}",60f4b32757dc90faeccd812e75543221d848c77a846bd7a1285ace35afbdcb71,
deepseek,deepseek-flash,deepseek-flash,U1,unseen,shared,2,True,True,True,756.4148000001296,863.4175000006508,586,10,,,,"{""targets"":[""dock_K7""]}",60f4b32757dc90faeccd812e75543221d848c77a846bd7a1285ace35afbdcb71,
deepseek,deepseek-flash,deepseek-flash,U2,unseen,shared,1,True,True,True,975.4876999995759,1078.469199999745,604,15,,,,"{""targets"":[""充电位"",""窗边"",""充电位""]}",e9cac9b0cfc5df424998789867d6a0a3406033be0abf22708f0c11165dd0d3f7,
deepseek,deepseek-flash,deepseek-flash,U2,unseen,shared,2,True,True,True,778.0170000005455,948.4634999989794,604,15,,,,"{""targets"":[""充电位"",""窗边"",""充电位""]}",e9cac9b0cfc5df424998789867d6a0a3406033be0abf22708f0c11165dd0d3f7,
deepseek,deepseek-flash,deepseek-flash,U3,unseen,shared,1,True,True,True,1126.4097000002948,1422.4678999999014,639,10,,,,"{""targets"":[""p-9""]}",2e4f8ae6fafb5408a560c229b22b85345ee397a1d01ded7e7589e8defc11d539,
deepseek,deepseek-flash,deepseek-flash,U3,unseen,shared,2,True,True,True,567.653899999641,673.4252000005654,639,10,,,,"{""targets"":[""p-9""]}",2e4f8ae6fafb5408a560c229b22b85345ee397a1d01ded7e7589e8defc11d539,
deepseek,deepseek-flash,deepseek-flash,U4,unseen,shared,1,True,True,True,418.3080000002519,530.4942999991908,607,12,,,,"{""targets"":[""node_y"",""node_x""]}",cc924a289cbc475e2ea5d3dfd5b9df598f6238152dd9aeb60d96568e3aadc426,
deepseek,deepseek-flash,deepseek-flash,U4,unseen,shared,2,True,True,True,884.9198000007164,977.2281000005023,607,12,,,,"{""targets"":[""node_y"",""node_x""]}",cc924a289cbc475e2ea5d3dfd5b9df598f6238152dd9aeb60d96568e3aadc426,
deepseek,deepseek-flash,deepseek-flash,U5,unseen,shared,1,True,True,True,514.6022000008088,596.2682000008499,622,12,,,,"{""targets"":[""station_C"",""origin_Z""]}",c62a7c46f7e2e16dfc0a221c4844a015290de0f453604e7d0448e69e77585626,
deepseek,deepseek-flash,deepseek-flash,U5,unseen,shared,2,True,True,True,751.7060999998648,885.5174000000261,622,12,,,,"{""targets"":[""station_C"",""origin_Z""]}",c62a7c46f7e2e16dfc0a221c4844a015290de0f453604e7d0448e69e77585626,
deepseek,deepseek-flash,deepseek-flash,U6,unseen,shared,1,True,True,True,402.34220000093046,508.79250000070897,645,18,,,,"{""targets"":[""bay_red"",""bay_blue"",""bay_green""]}",5890da42abb3ff6ba20db387a7d32ec197fd012ae1c1a6f7a21444e5d7f5006e,
deepseek,deepseek-flash,deepseek-flash,U6,unseen,shared,2,True,True,True,589.3004999998084,721.3799000001018,645,18,,,,"{""targets"":[""bay_red"",""bay_blue"",""bay_green""]}",5890da42abb3ff6ba20db387a7d32ec197fd012ae1c1a6f7a21444e5d7f5006e,
deepseek,deepseek-flash,deepseek-flash,U7,unseen,shared,1,True,True,True,759.6310999997513,915.2267000008578,581,23,,,,"{""stop_reason"":""仓库Q不在public_targets目录中，无法解析其位置，任务中止。""}",683d6bbd2c8cf8c0866780818a88b25a697419ea1da72359fa828ffdb61911d9,
deepseek,deepseek-flash,deepseek-flash,U7,unseen,shared,2,True,True,True,209.76650000011432,428.5442999989755,581,19,,,,"{""stop_reason"":""仓库Q不在public_targets目录中，无法解析其位置""}",683d6bbd2c8cf8c0866780818a88b25a697419ea1da72359fa828ffdb61911d9,
deepseek,deepseek-flash,deepseek-flash,U8,unseen,shared,1,True,True,True,719.1287999994529,940.4202999994595,586,24,,,,"{""stop_reason"":""Controller reports emergency stop latched (EmergencyStopLatched); cannot continue to port_N.""}",ae390d4239f6bc37e3b50cccae986c20dd78eb022b97dbdddfc2b9bb0436903a,
deepseek,deepseek-flash,deepseek-flash,U8,unseen,shared,2,True,True,True,804.1161000001011,1012.6440999993065,586,27,,,,"{""stop_reason"":""控制器报告急停已锁定（EmergencyStopLatched），任务中止，无法继续前往port_N。""}",ae390d4239f6bc37e3b50cccae986c20dd78eb022b97dbdddfc2b9bb0436903a,
deepseek,deepseek-flash,deepseek-flash,H1,existing,shared_json,1,True,True,True,329.47020000028715,405.88840000054915,611,8,True,c6d74bb62342f5b92a20acc9b1f35759c5d1f2e43db8f0ad47e7e67de9933ff1,,"{""targets"": [""target""]}",53c6141b9dc4b5d10864ca7cf06423490b00d2a74d748c628cb305ff4c4c0b67,
deepseek,deepseek-flash,deepseek-flash,H1,existing,shared_json,2,True,True,True,683.2408999998734,786.6190000004281,611,8,True,c6d74bb62342f5b92a20acc9b1f35759c5d1f2e43db8f0ad47e7e67de9933ff1,,"{""targets"": [""target""]}",53c6141b9dc4b5d10864ca7cf06423490b00d2a74d748c628cb305ff4c4c0b67,
deepseek,deepseek-flash,deepseek-flash,H1,existing,shared_json,3,True,True,True,737.8440000011324,845.1259000012215,611,8,True,c6d74bb62342f5b92a20acc9b1f35759c5d1f2e43db8f0ad47e7e67de9933ff1,,"{""targets"": [""target""]}",53c6141b9dc4b5d10864ca7cf06423490b00d2a74d748c628cb305ff4c4c0b67,
deepseek,deepseek-flash,deepseek-flash,H2,existing,shared_json,1,True,True,True,492.5314000010985,589.6516000011616,611,8,True,463fc5918826a816c4b8c1ea60c14ec2d88ae250db7beb83cf2ccbd28e009838,,"{""targets"": [""target""]}",53c6141b9dc4b5d10864ca7cf06423490b00d2a74d748c628cb305ff4c4c0b67,
deepseek,deepseek-flash,deepseek-flash,H2,existing,shared_json,2,True,True,True,757.2718999999779,847.0383000003494,611,8,True,463fc5918826a816c4b8c1ea60c14ec2d88ae250db7beb83cf2ccbd28e009838,,"{""targets"": [""target""]}",53c6141b9dc4b5d10864ca7cf06423490b00d2a74d748c628cb305ff4c4c0b67,
deepseek,deepseek-flash,deepseek-flash,H2,existing,shared_json,3,True,True,True,646.3865999994596,744.3536999999196,611,8,True,463fc5918826a816c4b8c1ea60c14ec2d88ae250db7beb83cf2ccbd28e009838,,"{""targets"": [""target""]}",53c6141b9dc4b5d10864ca7cf06423490b00d2a74d748c628cb305ff4c4c0b67,
deepseek,deepseek-flash,deepseek-flash,H3,existing,shared_json,1,True,True,True,726.5964999987773,861.4657999987685,611,8,True,10e6bc3dad3370c3a707a69633d078c3320a69b871e8aeb396994dfbed2c20c0,,"{""targets"": [""target""]}",53c6141b9dc4b5d10864ca7cf06423490b00d2a74d748c628cb305ff4c4c0b67,
deepseek,deepseek-flash,deepseek-flash,H3,existing,shared_json,2,True,True,True,854.9514999995154,960.7694000005722,611,8,True,1715cdc6416cdfe52a70f07b1a17d0afd205df29b2e4c319a1329d1a215d3bc4,,"{""targets"":[""target""]}",53c6141b9dc4b5d10864ca7cf06423490b00d2a74d748c628cb305ff4c4c0b67,
deepseek,deepseek-flash,deepseek-flash,H3,existing,shared_json,3,True,True,True,483.37890000038897,577.1120999997947,611,8,True,10e6bc3dad3370c3a707a69633d078c3320a69b871e8aeb396994dfbed2c20c0,,"{""targets"": [""target""]}",53c6141b9dc4b5d10864ca7cf06423490b00d2a74d748c628cb305ff4c4c0b67,
deepseek,deepseek-flash,deepseek-flash,H4,existing,shared_json,1,True,True,True,385.0367000013648,480.4635000000417,611,8,True,fbdd5cfcdea0e964bba3d3df68adf0a580f7d2055a3d16bad4b9681a2738b132,,"{""targets"": [""target""]}",53c6141b9dc4b5d10864ca7cf06423490b00d2a74d748c628cb305ff4c4c0b67,
deepseek,deepseek-flash,deepseek-flash,H4,existing,shared_json,2,True,True,True,732.4760999999853,816.4632999996684,611,8,True,fbdd5cfcdea0e964bba3d3df68adf0a580f7d2055a3d16bad4b9681a2738b132,,"{""targets"": [""target""]}",53c6141b9dc4b5d10864ca7cf06423490b00d2a74d748c628cb305ff4c4c0b67,
deepseek,deepseek-flash,deepseek-flash,H4,existing,shared_json,3,True,True,True,432.4644999996963,531.5454999999929,611,8,True,fbdd5cfcdea0e964bba3d3df68adf0a580f7d2055a3d16bad4b9681a2738b132,,"{""targets"": [""target""]}",53c6141b9dc4b5d10864ca7cf06423490b00d2a74d748c628cb305ff4c4c0b67,
deepseek,deepseek-flash,deepseek-flash,M1,existing,shared_json,1,True,True,True,594.9470000014117,718.3118000011746,660,12,True,a0bb502258c3cc04a974a3f79990b989aebfb1cfa823561ad74579aefd35b622,,"{""targets"":[""A"",""B"",""start""]}",dfa2458fa4278fa8a98822583dd89b211a232c52f1e054b6a27826fe843342b1,
deepseek,deepseek-flash,deepseek-flash,M1,existing,shared_json,2,True,True,True,621.1280000006809,756.1216000012791,660,12,True,a0bb502258c3cc04a974a3f79990b989aebfb1cfa823561ad74579aefd35b622,,"{""targets"":[""A"",""B"",""start""]}",dfa2458fa4278fa8a98822583dd89b211a232c52f1e054b6a27826fe843342b1,
deepseek,deepseek-flash,deepseek-flash,M1,existing,shared_json,3,True,True,True,778.8918999995076,850.0733000000764,660,12,True,a0bb502258c3cc04a974a3f79990b989aebfb1cfa823561ad74579aefd35b622,,"{""targets"":[""A"",""B"",""start""]}",dfa2458fa4278fa8a98822583dd89b211a232c52f1e054b6a27826fe843342b1,
deepseek,deepseek-flash,deepseek-flash,M2,existing,shared_json,1,True,True,True,712.7564999991591,811.6902000001573,657,10,True,1dbf938cfbf0d6c3d9c1ab06db7a8f0a5111d8ed3549a6868cbea35e58aff831,,"{""targets"":[""B"",""A""]}",5660c94103ce0d565c9782db8e69908145e20ec1a60b150fe4c1f8d286a6a21b,
deepseek,deepseek-flash,deepseek-flash,M2,existing,shared_json,2,True,True,True,738.3671999996295,874.3692999996711,657,10,True,1dbf938cfbf0d6c3d9c1ab06db7a8f0a5111d8ed3549a6868cbea35e58aff831,,"{""targets"":[""B"",""A""]}",5660c94103ce0d565c9782db8e69908145e20ec1a60b150fe4c1f8d286a6a21b,
deepseek,deepseek-flash,deepseek-flash,M2,existing,shared_json,3,True,True,True,502.6866999996855,581.8056000007346,657,10,True,1dbf938cfbf0d6c3d9c1ab06db7a8f0a5111d8ed3549a6868cbea35e58aff831,,"{""targets"":[""B"",""A""]}",5660c94103ce0d565c9782db8e69908145e20ec1a60b150fe4c1f8d286a6a21b,
deepseek,deepseek-flash,deepseek-flash,M3,existing,shared_json,1,True,True,True,421.4573000008386,539.6123000009538,638,12,True,92bf482649cfaefa83b778af1424285aa825844459049df8b985768cabfb5187,,"{""targets"":[""A"",""B"",""A""]}",26a50598fa21298f952444de4376ed744385f2f908cb27cf39a341f94e11f116,
deepseek,deepseek-flash,deepseek-flash,M3,existing,shared_json,2,True,True,True,432.7374999993481,522.0769999996264,638,12,True,92bf482649cfaefa83b778af1424285aa825844459049df8b985768cabfb5187,,"{""targets"":[""A"",""B"",""A""]}",26a50598fa21298f952444de4376ed744385f2f908cb27cf39a341f94e11f116,
deepseek,deepseek-flash,deepseek-flash,M3,existing,shared_json,3,True,True,True,516.3272999998298,612.3545999998896,638,12,True,92bf482649cfaefa83b778af1424285aa825844459049df8b985768cabfb5187,,"{""targets"":[""A"",""B"",""A""]}",26a50598fa21298f952444de4376ed744385f2f908cb27cf39a341f94e11f116,
deepseek,deepseek-flash,deepseek-flash,M4,existing,shared_json,1,True,True,True,753.4214999996038,886.1403999999311,662,8,True,f55ed2e66a2e65262c0c7b3ef89160f223d1388edb78b1ff3276b122f691117e,,"{""targets"":[""B""]}",e15cd571b8bc29af535b085770421bf0eaaf07558d7f23b2de1d858a1f12c728,
deepseek,deepseek-flash,deepseek-flash,M4,existing,shared_json,2,True,True,True,798.5279000004084,886.5686000008282,662,8,True,f55ed2e66a2e65262c0c7b3ef89160f223d1388edb78b1ff3276b122f691117e,,"{""targets"":[""B""]}",e15cd571b8bc29af535b085770421bf0eaaf07558d7f23b2de1d858a1f12c728,
deepseek,deepseek-flash,deepseek-flash,M4,existing,shared_json,3,True,True,True,1026.4413999993849,1057.970399999249,662,8,True,f55ed2e66a2e65262c0c7b3ef89160f223d1388edb78b1ff3276b122f691117e,,"{""targets"":[""B""]}",e15cd571b8bc29af535b085770421bf0eaaf07558d7f23b2de1d858a1f12c728,
deepseek,deepseek-flash,deepseek-flash,M5,existing,shared_json,1,True,True,True,871.8202999989444,896.9344999986788,632,10,True,d2aa76f424cc3b5ac1aa9dcb98352ebbeba490364e8b7ffa8f989696b932fa90,,"{""targets"":[""A"",""B""]}",47b522d0daa5206851dcf748ec18a3ceee53427f3520f87c3d48e8c802d54f9d,
deepseek,deepseek-flash,deepseek-flash,M5,existing,shared_json,2,True,True,True,759.3108000000939,876.4835000001767,632,10,True,d2aa76f424cc3b5ac1aa9dcb98352ebbeba490364e8b7ffa8f989696b932fa90,,"{""targets"":[""A"",""B""]}",47b522d0daa5206851dcf748ec18a3ceee53427f3520f87c3d48e8c802d54f9d,
deepseek,deepseek-flash,deepseek-flash,M5,existing,shared_json,3,True,True,True,665.5606999993324,871.8858000011096,632,10,True,d2aa76f424cc3b5ac1aa9dcb98352ebbeba490364e8b7ffa8f989696b932fa90,,"{""targets"":[""A"",""B""]}",47b522d0daa5206851dcf748ec18a3ceee53427f3520f87c3d48e8c802d54f9d,
deepseek,deepseek-flash,deepseek-flash,M6,existing,shared_json,1,True,True,True,539.7425999999541,666.3960000005318,657,10,True,38a14ac592ddb116f500a5cb74d98064dce80b335f2bfa7d733f40ba30763627,,"{""targets"":[""A"",""start""]}",d820f65b68ab408741bf9e7ea2b6415e7f37311c2227a7764cb7d8f8a53c6ae5,
deepseek,deepseek-flash,deepseek-flash,M6,existing,shared_json,2,True,True,True,434.36119999933,640.4796999995597,657,10,True,38a14ac592ddb116f500a5cb74d98064dce80b335f2bfa7d733f40ba30763627,,"{""targets"":[""A"",""start""]}",d820f65b68ab408741bf9e7ea2b6415e7f37311c2227a7764cb7d8f8a53c6ae5,
deepseek,deepseek-flash,deepseek-flash,M6,existing,shared_json,3,True,True,True,529.5640000003914,593.6590000001161,657,10,True,38a14ac592ddb116f500a5cb74d98064dce80b335f2bfa7d733f40ba30763627,,"{""targets"":[""A"",""start""]}",d820f65b68ab408741bf9e7ea2b6415e7f37311c2227a7764cb7d8f8a53c6ae5,
deepseek,deepseek-flash,deepseek-flash,U1,unseen,shared_json,1,True,True,True,757.4187999998685,865.1706000000559,608,10,,,,"{""targets"":[""dock_K7""]}",60f4b32757dc90faeccd812e75543221d848c77a846bd7a1285ace35afbdcb71,
deepseek,deepseek-flash,deepseek-flash,U1,unseen,shared_json,2,True,True,True,463.3178999993106,533.2742000009603,608,10,,,,"{""targets"":[""dock_K7""]}",60f4b32757dc90faeccd812e75543221d848c77a846bd7a1285ace35afbdcb71,
deepseek,deepseek-flash,deepseek-flash,U2,unseen,shared_json,1,True,True,True,690.3130999999121,803.0541999996785,626,15,,,,"{""targets"":[""充电位"",""窗边"",""充电位""]}",e9cac9b0cfc5df424998789867d6a0a3406033be0abf22708f0c11165dd0d3f7,
deepseek,deepseek-flash,deepseek-flash,U2,unseen,shared_json,2,True,True,True,354.9366999995982,447.04249999995227,626,15,,,,"{""targets"":[""充电位"",""窗边"",""充电位""]}",e9cac9b0cfc5df424998789867d6a0a3406033be0abf22708f0c11165dd0d3f7,
deepseek,deepseek-flash,deepseek-flash,U3,unseen,shared_json,1,True,True,True,733.4221999990405,811.1227999997936,661,10,,,,"{""targets"":[""p-9""]}",2e4f8ae6fafb5408a560c229b22b85345ee397a1d01ded7e7589e8defc11d539,
deepseek,deepseek-flash,deepseek-flash,U3,unseen,shared_json,2,True,True,True,910.0837999994837,1050.2516999986256,661,10,,,,"{""targets"":[""p-9""]}",2e4f8ae6fafb5408a560c229b22b85345ee397a1d01ded7e7589e8defc11d539,
deepseek,deepseek-flash,deepseek-flash,U4,unseen,shared_json,1,True,True,True,846.1229000004096,954.3075000001409,629,12,,,,"{""targets"":[""node_y"",""node_x""]}",cc924a289cbc475e2ea5d3dfd5b9df598f6238152dd9aeb60d96568e3aadc426,
deepseek,deepseek-flash,deepseek-flash,U4,unseen,shared_json,2,True,True,True,511.1235999993369,616.2734999998065,629,12,,,,"{""targets"":[""node_y"",""node_x""]}",cc924a289cbc475e2ea5d3dfd5b9df598f6238152dd9aeb60d96568e3aadc426,
deepseek,deepseek-flash,deepseek-flash,U5,unseen,shared_json,1,True,True,True,688.5678999988158,847.5700999988476,644,12,,,,"{""targets"":[""station_C"",""origin_Z""]}",c62a7c46f7e2e16dfc0a221c4844a015290de0f453604e7d0448e69e77585626,
deepseek,deepseek-flash,deepseek-flash,U5,unseen,shared_json,2,True,True,True,778.0984000000899,904.7635000006267,644,12,,,,"{""targets"":[""station_C"",""origin_Z""]}",c62a7c46f7e2e16dfc0a221c4844a015290de0f453604e7d0448e69e77585626,
deepseek,deepseek-flash,deepseek-flash,U6,unseen,shared_json,1,True,True,True,513.7021999998979,630.769399998826,667,18,,,,"{""targets"":[""bay_red"",""bay_blue"",""bay_green""]}",5890da42abb3ff6ba20db387a7d32ec197fd012ae1c1a6f7a21444e5d7f5006e,
deepseek,deepseek-flash,deepseek-flash,U6,unseen,shared_json,2,True,True,True,658.258499999647,812.6058999987436,667,18,,,,"{""targets"":[""bay_red"",""bay_blue"",""bay_green""]}",5890da42abb3ff6ba20db387a7d32ec197fd012ae1c1a6f7a21444e5d7f5006e,
deepseek,deepseek-flash,deepseek-flash,U7,unseen,shared_json,1,True,True,True,910.5607999990752,1122.124999999869,603,16,,,,"{""stop_reason"":""仓库Q不在目录中，无法解析其位置""}",683d6bbd2c8cf8c0866780818a88b25a697419ea1da72359fa828ffdb61911d9,
deepseek,deepseek-flash,deepseek-flash,U7,unseen,shared_json,2,True,True,True,259.3512000003102,407.12619999976596,603,18,,,,"{""stop_reason"": ""仓库Q不在目录中，无法解析其位置。""}",683d6bbd2c8cf8c0866780818a88b25a697419ea1da72359fa828ffdb61911d9,
deepseek,deepseek-flash,deepseek-flash,U8,unseen,shared_json,1,True,True,True,554.4905999995535,707.420099999581,608,24,,,,"{""stop_reason"": ""Emergency stop is latched (EmergencyStopLatched); cannot continue to port_N.""}",ae390d4239f6bc37e3b50cccae986c20dd78eb022b97dbdddfc2b9bb0436903a,
deepseek,deepseek-flash,deepseek-flash,U8,unseen,shared_json,2,True,True,True,685.4017999994539,890.1746999999887,608,27,,,,"{""stop_reason"":""Emergency stop is latched (EmergencyStopLatched); controller reports the robot cannot continue to port_N.""}",ae390d4239f6bc37e3b50cccae986c20dd78eb022b97dbdddfc2b9bb0436903a,
qwen,qwen3.7-flash,qwen3.7-flash,H1,existing,baseline,1,True,False,False,764.5947999990312,1325.6032999997842,452,43,False,6cccd5fc70f6a19a97454b56d4ccb01421339e2c59d0e6403d72a11dd162822e,Goal plan must contain 1..8 explicitly public target IDs,"{
  ""targets"": [
    {
      ""id"": ""target_1"",
      ""x"": 4,
      ""y"": 1
    }
  ]
}",011c3ab0bd9a93452f9bc24f4a1747020b216aa9a477beebea044ce1d7d8b9ca,1fa5dcf7-4487-94c9-9abe-8f2bbcdae1aa
qwen,qwen3.7-flash,qwen3.7-flash,H1,existing,baseline,2,True,False,False,366.11720000109926,1056.7702999996982,452,58,False,b7d74201e41f6f9f41bf4ab878c73e1c8997f90cf5357d30c74a900ec64d2dd5,Goal plan must contain 1..8 explicitly public target IDs,"{
  ""targets"": [
    {
      ""id"": ""target_4_1"",
      ""x"": 4,
      ""y"": 1,
      ""tolerance"": 0.08
    }
  ]
}",011c3ab0bd9a93452f9bc24f4a1747020b216aa9a477beebea044ce1d7d8b9ca,467a578d-b20b-9bff-b64b-d65b97101e59
qwen,qwen3.7-flash,qwen3.7-flash,H1,existing,baseline,3,True,False,False,461.1846999996487,1032.2293999997783,452,43,False,676749720acc75fc81fc9afc692bd888ab2dbf87ed88a9d519eb94863b969365,Goal plan must contain 1..8 explicitly public target IDs,"{
  ""targets"": [
    {
      ""id"": ""target_0"",
      ""x"": 4,
      ""y"": 1
    }
  ]
}",011c3ab0bd9a93452f9bc24f4a1747020b216aa9a477beebea044ce1d7d8b9ca,725a28cb-f918-97fb-ad37-963467be7d7c
qwen,qwen3.7-flash,qwen3.7-flash,H2,existing,baseline,1,True,False,False,388.6437000001024,969.3205999992642,452,58,False,0d8b24d07dfd920b18dfe0f10ec4a9fed2ad2bc11eb25299126e08d76de954a0,Goal plan must contain 1..8 explicitly public target IDs,"{
  ""targets"": [
    {
      ""id"": ""target_4_1"",
      ""x"": 4,
      ""y"": 1,
      ""tolerance"": 0.08
    }
  ]
}",011c3ab0bd9a93452f9bc24f4a1747020b216aa9a477beebea044ce1d7d8b9ca,9d4a606a-2d10-99ed-a003-6cc78d81aa31
qwen,qwen3.7-flash,qwen3.7-flash,H2,existing,baseline,2,True,False,False,497.31319999955304,1193.2398000008106,452,58,False,0d8b24d07dfd920b18dfe0f10ec4a9fed2ad2bc11eb25299126e08d76de954a0,Goal plan must contain 1..8 explicitly public target IDs,"{
  ""targets"": [
    {
      ""id"": ""target_4_1"",
      ""x"": 4,
      ""y"": 1,
      ""tolerance"": 0.08
    }
  ]
}",011c3ab0bd9a93452f9bc24f4a1747020b216aa9a477beebea044ce1d7d8b9ca,15e8b226-d3fe-9aac-8017-7e94649d68d6
qwen,qwen3.7-flash,qwen3.7-flash,H2,existing,baseline,3,True,False,False,746.4550999993662,1308.1676999991032,452,43,False,516940ddfa6b05e3094e2392923cd70578c095fa421aa1946bb6f632c06bca6c,Goal plan must contain 1..8 explicitly public target IDs,"{
  ""targets"": [
    {
      ""id"": ""target_0"",
      ""x"": 4,
      ""y"": 1
    }
  ]
}",011c3ab0bd9a93452f9bc24f4a1747020b216aa9a477beebea044ce1d7d8b9ca,1a67b947-28f5-97f4-bd7a-10e3d1bf00b6
qwen,qwen3.7-flash,qwen3.7-flash,H3,existing,baseline,1,True,False,False,450.8483999998134,982.5020999996923,452,43,False,73f2bbbdeb6b02a38c11aa0bb5735688347b83fa54ff03ba8b264f8b3ee7edab,Goal plan must contain 1..8 explicitly public target IDs,"{
  ""targets"": [
    {
      ""id"": ""target_0"",
      ""x"": 4,
      ""y"": 1
    }
  ]
}",011c3ab0bd9a93452f9bc24f4a1747020b216aa9a477beebea044ce1d7d8b9ca,cda896c8-eb3f-9f74-833c-f255f79cd978
qwen,qwen3.7-flash,qwen3.7-flash,H3,existing,baseline,2,True,False,False,374.1343000001507,838.8178999994125,452,43,False,73f2bbbdeb6b02a38c11aa0bb5735688347b83fa54ff03ba8b264f8b3ee7edab,Goal plan must contain 1..8 explicitly public target IDs,"{
  ""targets"": [
    {
      ""id"": ""target_0"",
      ""x"": 4,
      ""y"": 1
    }
  ]
}",011c3ab0bd9a93452f9bc24f4a1747020b216aa9a477beebea044ce1d7d8b9ca,000abd81-40ac-9b0c-a184-b155ee2c81cb
qwen,qwen3.7-flash,qwen3.7-flash,H3,existing,baseline,3,True,False,False,442.0344999998633,1074.825100000453,452,58,False,84ee7b0ee88a687aeab0af264ac771d5ee9c2ba6ca8f08897ba26113bfcbe4ba,Goal plan must contain 1..8 explicitly public target IDs,"{
  ""targets"": [
    {
      ""id"": ""target_4_1"",
      ""x"": 4,
      ""y"": 1,
      ""tolerance"": 0.08
    }
  ]
}",011c3ab0bd9a93452f9bc24f4a1747020b216aa9a477beebea044ce1d7d8b9ca,76c9cf23-ee8d-9d1e-bc0d-2de8a4a171c7
qwen,qwen3.7-flash,qwen3.7-flash,H4,existing,baseline,1,True,False,False,441.8282000006002,1139.6657999994204,452,58,False,1919591c2a1594c9346403fd7109fdc6f205b6772a7f3eeb3559e5763a85f105,Goal plan must contain 1..8 explicitly public target IDs,"{
  ""targets"": [
    {
      ""id"": ""target_4_1"",
      ""x"": 4,
      ""y"": 1,
      ""tolerance"": 0.08
    }
  ]
}",011c3ab0bd9a93452f9bc24f4a1747020b216aa9a477beebea044ce1d7d8b9ca,f348ab1e-9e18-9e9b-97a8-e60cb4c80679
qwen,qwen3.7-flash,qwen3.7-flash,H4,existing,baseline,2,True,False,False,553.1895999993139,1120.4865999989124,452,43,False,bc34737b7759b90db72458d2cbc0e8ef72f32bdcb74ee9e806e2a4e738d6dac4,Goal plan must contain 1..8 explicitly public target IDs,"{
  ""targets"": [
    {
      ""id"": ""target_0"",
      ""x"": 4,
      ""y"": 1
    }
  ]
}",011c3ab0bd9a93452f9bc24f4a1747020b216aa9a477beebea044ce1d7d8b9ca,d6b44d76-d152-92fb-888c-47127c5cefd2
qwen,qwen3.7-flash,qwen3.7-flash,H4,existing,baseline,3,True,False,False,782.3057000005065,1384.721399999762,452,43,False,bc34737b7759b90db72458d2cbc0e8ef72f32bdcb74ee9e806e2a4e738d6dac4,Goal plan must contain 1..8 explicitly public target IDs,"{
  ""targets"": [
    {
      ""id"": ""target_0"",
      ""x"": 4,
      ""y"": 1
    }
  ]
}",011c3ab0bd9a93452f9bc24f4a1747020b216aa9a477beebea044ce1d7d8b9ca,b98516b3-eeda-90d6-a05c-b3d4ba8ce624
qwen,qwen3.7-flash,qwen3.7-flash,M1,existing,baseline,1,True,True,True,398.93060000031255,680.8949999995093,505,27,True,6fa8ae83502979d93719ad988700c0ab53a269e3b173fb184943d0103dc7c89f,,"{
  ""targets"": [
    ""A"",
    ""B"",
    ""start""
  ]
}",4badbbc322d5e8b4b631fe27d649bf486c4aec775aeb18b777951d781898e66c,f648a76d-de8a-912b-af67-155df4d7127a
qwen,qwen3.7-flash,qwen3.7-flash,M1,existing,baseline,2,True,True,True,363.40109999946435,710.8415999991848,505,27,True,6fa8ae83502979d93719ad988700c0ab53a269e3b173fb184943d0103dc7c89f,,"{
  ""targets"": [
    ""A"",
    ""B"",
    ""start""
  ]
}",4badbbc322d5e8b4b631fe27d649bf486c4aec775aeb18b777951d781898e66c,16d30b4c-42ba-9be7-a0ae-c63c6f5d2f75
qwen,qwen3.7-flash,qwen3.7-flash,M1,existing,baseline,3,True,True,True,374.04570000035164,683.5897999990266,505,27,True,6fa8ae83502979d93719ad988700c0ab53a269e3b173fb184943d0103dc7c89f,,"{
  ""targets"": [
    ""A"",
    ""B"",
    ""start""
  ]
}",4badbbc322d5e8b4b631fe27d649bf486c4aec775aeb18b777951d781898e66c,eb85dc72-c692-976a-920a-0c548953f695
qwen,qwen3.7-flash,qwen3.7-flash,M2,existing,baseline,1,True,True,True,436.4026000002923,720.9105999991152,502,22,True,bbab97f7509557b71c89271c3147052cbfff43b43c77336789dd45e0d0889f48,,"{
  ""targets"": [
    ""B"",
    ""A""
  ]
}",b1a388c8c51454c2e51e13d2fe7ef2fd35d097f478c14cb312a961c34663caf8,a9907ee6-841f-905e-b741-fa01e41cc827
qwen,qwen3.7-flash,qwen3.7-flash,M2,existing,baseline,2,True,True,True,470.5386000005092,791.1782000010135,502,22,True,bbab97f7509557b71c89271c3147052cbfff43b43c77336789dd45e0d0889f48,,"{
  ""targets"": [
    ""B"",
    ""A""
  ]
}",b1a388c8c51454c2e51e13d2fe7ef2fd35d097f478c14cb312a961c34663caf8,8ee085f2-c388-9bd5-8f4a-479bd6203c7c
qwen,qwen3.7-flash,qwen3.7-flash,M2,existing,baseline,3,True,True,True,528.6402000001544,840.3596000007383,502,22,True,bbab97f7509557b71c89271c3147052cbfff43b43c77336789dd45e0d0889f48,,"{
  ""targets"": [
    ""B"",
    ""A""
  ]
}",b1a388c8c51454c2e51e13d2fe7ef2fd35d097f478c14cb312a961c34663caf8,04a0fbd1-d309-9238-a577-975e0a1244de
qwen,qwen3.7-flash,qwen3.7-flash,M3,existing,baseline,1,True,True,True,474.1245999994135,770.7087999988289,481,17,True,326ad0a764f1ab7953463731f0b5f52b6800dff4a506af1b3f7f65c5bf44fd73,,"{
  ""targets"": [""A"", ""B"", ""A""]
}",a9d9523ebc4f020c24a21b8a5619a306d3747bafc6725d9bfb1f3d5264c66190,0bc30179-1008-9585-a7bc-e1b4430e8f2b
qwen,qwen3.7-flash,qwen3.7-flash,M3,existing,baseline,2,True,False,False,390.1377999991382,3318.8565999989805,481,188,False,ff74e39da4f9af3556ec6b63b2f82f6074c6e12f0937febbd28f8d73a72c491f,Stop reason must be a nonempty string of at most 200 characters,"{
  ""stop_reason"": ""Cannot execute mission safely: Robot is at (1,1) facing heading 0 (positive X axis). Target A is at (3,1) and B is at (3,2). The path to A requires moving +2m in X. However, the map is unknown ('observed_map_summary': occupied_cells: 0, free_cells: 0 implies no local map data yet or empty start), and the instruction mandates 'local observation obstacle avoidance'. Without knowing if the path from (1,1) to (3,1) is clear of obstacles, blindly moving distance 2 violates the safety constraint of using local observations to avoid obstacles. Furthermore, even if we assume a clear path, reaching A then B then A again involves complex maneuvers in an unknown environment without prior mapping, making safe execution impossible with only local sensing and limited action budget for replanning.""
}",a9d9523ebc4f020c24a21b8a5619a306d3747bafc6725d9bfb1f3d5264c66190,cd3af714-23d7-923b-bf88-42a2919262e3
qwen,qwen3.7-flash,qwen3.7-flash,M3,existing,baseline,3,True,False,False,393.8906000003044,2532.671000000846,481,139,False,f2fe2c4bc21cb5a374301c90147efb77bd37430917f56da112bcd3c051868953,Stop reason must be a nonempty string of at most 200 characters,"{
  ""stop_reason"": ""Cannot execute mission safely: Robot is at (1,1) facing heading 0 (positive X axis). Target A is at (3,1) and B is at (3,2). The path to these targets requires moving along the X-axis. However, the map is unknown ('observed_map_summary': {free_cells: 0, occupied_cells: 0}) and there are no local observations provided to verify if the path is clear of obstacles. Moving blindly towards coordinates in an unknown environment with potential boundaries or obstacles violates the safety constraint 'use local observation for obstacle avoidance'. Without a confirmed free path, proceeding risks collision.""
}",a9d9523ebc4f020c24a21b8a5619a306d3747bafc6725d9bfb1f3d5264c66190,9df39e87-90b5-936e-bcd0-cd7ac1049cbb
qwen,qwen3.7-flash,qwen3.7-flash,M4,existing,baseline,1,True,True,True,388.9044000006834,687.3869999999442,507,17,True,0b67ccbe91d7c9d5ee7e1e0f2f14f64bf6386a297a6c4da1979872382cf4b836,,"{
  ""targets"": [
    ""B""
  ]
}",4d0b4dcb3bc41b5a9cb1e50a33122706f94a194c0593e31b61d269de2e16818e,4f81ce11-82c0-9070-9a05-e2a7d4a280c6
qwen,qwen3.7-flash,qwen3.7-flash,M4,existing,baseline,2,True,True,True,467.83399999912945,533.4397999995417,507,5,True,f55ed2e66a2e65262c0c7b3ef89160f223d1388edb78b1ff3276b122f691117e,,"{""targets"":[""B""]}",4d0b4dcb3bc41b5a9cb1e50a33122706f94a194c0593e31b61d269de2e16818e,dff8c7dc-ddff-974a-963d-7b9991445eeb
qwen,qwen3.7-flash,qwen3.7-flash,M4,existing,baseline,3,True,True,True,384.6671999999671,474.3958000017301,507,5,True,f55ed2e66a2e65262c0c7b3ef89160f223d1388edb78b1ff3276b122f691117e,,"{""targets"":[""B""]}",4d0b4dcb3bc41b5a9cb1e50a33122706f94a194c0593e31b61d269de2e16818e,5bae98b7-a24e-996e-b9e0-076aeaaf720f
qwen,qwen3.7-flash,qwen3.7-flash,M5,existing,baseline,1,True,True,True,402.331299999787,697.9577999991307,475,22,True,fbb415408ce9674221acfbb47a094662405562566e93e87669e04aae3071391a,,"{
  ""targets"": [
    ""A"",
    ""B""
  ]
}",b34377cf0440a6fcc6492ec84d855dff6e47348e3318b783b7912fd614f6c2ab,660c1f4f-8ff0-900b-8787-e08ebcbd2654
qwen,qwen3.7-flash,qwen3.7-flash,M5,existing,baseline,2,True,True,True,317.31269999909273,435.3620999991108,475,7,True,d2aa76f424cc3b5ac1aa9dcb98352ebbeba490364e8b7ffa8f989696b932fa90,,"{""targets"":[""A"",""B""]}",b34377cf0440a6fcc6492ec84d855dff6e47348e3318b783b7912fd614f6c2ab,0903291b-8e43-929f-93b1-2080ba7322fd
qwen,qwen3.7-flash,qwen3.7-flash,M5,existing,baseline,3,True,True,True,324.9766999997519,444.6135999987746,475,7,True,d2aa76f424cc3b5ac1aa9dcb98352ebbeba490364e8b7ffa8f989696b932fa90,,"{""targets"":[""A"",""B""]}",b34377cf0440a6fcc6492ec84d855dff6e47348e3318b783b7912fd614f6c2ab,d0ea752c-71a0-9f19-aa07-e692e4f9d375
qwen,qwen3.7-flash,qwen3.7-flash,M6,existing,baseline,1,True,True,True,408.4502000005159,583.4770000001299,504,7,True,38a14ac592ddb116f500a5cb74d98064dce80b335f2bfa7d733f40ba30763627,,"{""targets"":[""A"",""start""]}",78475267b3f04be0f4968766152084bcc7694d7dc833f94095c062202f486a76,4ea01671-863e-9591-8308-0024313846eb
qwen,qwen3.7-flash,qwen3.7-flash,M6,existing,baseline,2,True,True,True,667.1831000003294,956.086400001368,504,22,True,b85f6b98a236720400ff6819631af1b632e508d10801c791f3e9af7d69ba3be6,,"{
  ""targets"": [
    ""A"",
    ""start""
  ]
}",78475267b3f04be0f4968766152084bcc7694d7dc833f94095c062202f486a76,d6b3dfff-0c9b-9812-b2a1-283fd8cd457f
qwen,qwen3.7-flash,qwen3.7-flash,M6,existing,baseline,3,True,True,True,346.4544000016758,622.9894000007334,504,22,True,b85f6b98a236720400ff6819631af1b632e508d10801c791f3e9af7d69ba3be6,,"{
  ""targets"": [
    ""A"",
    ""start""
  ]
}",78475267b3f04be0f4968766152084bcc7694d7dc833f94095c062202f486a76,7a8c1e76-68b6-968b-a8eb-cc4a398e9744
qwen,qwen3.7-flash,qwen3.7-flash,U1,unseen,baseline,1,True,True,True,345.5287999986467,609.4298999996681,447,19,,,,"{
  ""targets"": [
    ""dock_K7""
  ]
}",e7706156cfc5d94a908b41a0e22e85b9dae31cbbcceb2ea983b6b6f92fb9a804,b48d5e08-5b9e-9246-a8fa-a93aa475e6b6
qwen,qwen3.7-flash,qwen3.7-flash,U1,unseen,baseline,2,True,True,True,337.79560000039055,539.4393000005948,447,19,,,,"{
  ""targets"": [
    ""dock_K7""
  ]
}",e7706156cfc5d94a908b41a0e22e85b9dae31cbbcceb2ea983b6b6f92fb9a804,5e4b5399-03ab-9e33-a6a1-9b6745eb4b6a
qwen,qwen3.7-flash,qwen3.7-flash,U2,unseen,baseline,1,True,True,True,397.16150000094785,582.5669000005291,468,14,,,,"{""targets"":[""充电位"", ""窗边"", ""充电位""]}",4ad60d7b4a5e2f6c3f9db65c2953a005cc3a0ce59b4e20fb4eb3fb1e231f4771,516cee0d-64ff-99b3-9349-7f05279f8145
qwen,qwen3.7-flash,qwen3.7-flash,U2,unseen,baseline,2,True,True,True,454.6574999985751,598.6075999990135,468,14,,,,"{""targets"":[""充电位"", ""窗边"", ""充电位""]}",4ad60d7b4a5e2f6c3f9db65c2953a005cc3a0ce59b4e20fb4eb3fb1e231f4771,29e96392-48c1-9d96-b6e5-7421194b6469
qwen,qwen3.7-flash,qwen3.7-flash,U3,unseen,baseline,1,True,True,True,578.0027999990125,905.5834999999206,504,19,,,,"{
  ""targets"": [
    ""p-9""
  ]
}",f86c3ae9123a8b652d40697f58c3599d4feb40b05415db1b5f4c2a188b313a1b,f5a38254-551d-966b-a862-12a605003171
qwen,qwen3.7-flash,qwen3.7-flash,U3,unseen,baseline,2,True,True,True,416.13890000007814,499.5281999999861,504,7,,,,"{""targets"":[""p-9""]}",f86c3ae9123a8b652d40697f58c3599d4feb40b05415db1b5f4c2a188b313a1b,fba2ebeb-5bb1-9301-9400-c845d184d968
qwen,qwen3.7-flash,qwen3.7-flash,U4,unseen,baseline,1,True,True,True,344.58489999997255,706.7064999991999,471,24,,,,"{
  ""targets"": [
    ""node_y"",
    ""node_x""
  ]
}",68088491e38a348857b1173674679481206872b7d2d0f73e09ea0e759cb23547,58aed967-8332-97b3-a83d-051b19b8e53e
qwen,qwen3.7-flash,qwen3.7-flash,U4,unseen,baseline,2,True,True,True,325.4021000011562,633.8159000006272,471,24,,,,"{
  ""targets"": [
    ""node_y"",
    ""node_x""
  ]
}",68088491e38a348857b1173674679481206872b7d2d0f73e09ea0e759cb23547,c3e45785-8c59-9132-9d2e-55b58239cb8c
qwen,qwen3.7-flash,qwen3.7-flash,U5,unseen,baseline,1,True,True,True,881.922399999894,1141.1893000004056,489,20,,,,"{
""targets"": [
""station_C"",
""origin_Z""
]
}",d2493a151698d86866c8e15126f70ecf92316645992899ded2bb8629d77a7d76,4922cee9-9a29-92e4-929f-23b755d98483
qwen,qwen3.7-flash,qwen3.7-flash,U5,unseen,baseline,2,True,True,True,575.7662000014534,706.604500001049,489,10,,,,"{""targets"":[""station_C"", ""origin_Z""]}",d2493a151698d86866c8e15126f70ecf92316645992899ded2bb8629d77a7d76,d4f880a9-8fb2-93df-b581-9f5d99869d41
qwen,qwen3.7-flash,qwen3.7-flash,U6,unseen,baseline,1,True,True,True,369.6549000014784,650.7523000000219,502,25,,,,"{
""targets"": [
""bay_red"",
""bay_blue"",
""bay_green""
]
}",d541205d363129bc119a6a4684a755150d100a27f18cc0eb2057881e27b34905,51aa77ad-e37c-9912-9a08-2d3060973e70
qwen,qwen3.7-flash,qwen3.7-flash,U6,unseen,baseline,2,True,True,True,371.2583000015002,671.8992000005528,502,30,,,,"{
  ""targets"": [
    ""bay_red"",
    ""bay_blue"",
    ""bay_green""
  ]
}",d541205d363129bc119a6a4684a755150d100a27f18cc0eb2057881e27b34905,0b7734b1-6196-96b0-8724-c702dad2b2f4
qwen,qwen3.7-flash,qwen3.7-flash,U7,unseen,baseline,1,True,True,True,384.28059999932884,924.4800999986182,441,30,,,,"{""stop_reason"":""Target 'warehouse Q' is not present in the public target catalogue; cannot plan path to non-existent or unlisted location.""}",c83daa4829b5da203e97e35ab0be41f8131f6a7006ad60a6cde083b3ccc9be3f,a26af23f-d236-9a3d-9983-ebe737e47632
qwen,qwen3.7-flash,qwen3.7-flash,U7,unseen,baseline,2,True,True,True,539.8478999995859,932.4515000007523,441,25,,,,"{""stop_reason"":""Target 'warehouse Q' is not present in the public target catalogue; no valid targets to visit.""}",c83daa4829b5da203e97e35ab0be41f8131f6a7006ad60a6cde083b3ccc9be3f,c875f00e-be5a-93ac-a540-585ac3404c4b
qwen,qwen3.7-flash,qwen3.7-flash,U8,unseen,baseline,1,True,True,True,551.8864000005124,977.8179000004457,447,28,,,,"{
""stop_reason"": ""Controller reports emergency stop is latched; mission must be halted and cannot proceed to port_N.""
}",e97083236604b4ded67500c842b788bfccc870d5c03b6866a7e2d5e98f4d4e56,4b6d136b-8082-933b-8f35-b72c8025de99
qwen,qwen3.7-flash,qwen3.7-flash,U8,unseen,baseline,2,True,True,True,433.71839999963413,682.1997999995801,447,22,,,,"{
""stop_reason"": ""控制器报告急停已锁定，任务必须立即停止。""
}",e97083236604b4ded67500c842b788bfccc870d5c03b6866a7e2d5e98f4d4e56,530f124c-a718-9599-b055-b69d2ce26e12
qwen,qwen3.7-flash,qwen3.7-flash,H1,existing,cross_profile,1,True,True,True,502.42640000033134,607.7215000004799,624,6,True,c6d74bb62342f5b92a20acc9b1f35759c5d1f2e43db8f0ad47e7e67de9933ff1,,"{""targets"": [""target""]}",7d4398744d0564354bccb7ec0cf0d71d7f3173c682ca016c5f2566dffbb19ca0,a76c3a1e-0903-9a2f-94dd-1a983acac143
qwen,qwen3.7-flash,qwen3.7-flash,H1,existing,cross_profile,2,True,True,True,431.1330000000453,544.575599999007,624,6,True,c6d74bb62342f5b92a20acc9b1f35759c5d1f2e43db8f0ad47e7e67de9933ff1,,"{""targets"": [""target""]}",7d4398744d0564354bccb7ec0cf0d71d7f3173c682ca016c5f2566dffbb19ca0,52c2fe86-bfd0-95f7-9512-e214c9bf2ac5
qwen,qwen3.7-flash,qwen3.7-flash,H1,existing,cross_profile,3,True,True,True,367.9088999997475,476.9698000000062,624,6,True,c6d74bb62342f5b92a20acc9b1f35759c5d1f2e43db8f0ad47e7e67de9933ff1,,"{""targets"": [""target""]}",7d4398744d0564354bccb7ec0cf0d71d7f3173c682ca016c5f2566dffbb19ca0,ab56a935-a9b7-98c6-9111-cbbef270e6e3
qwen,qwen3.7-flash,qwen3.7-flash,H2,existing,cross_profile,1,True,True,True,459.5326999988174,604.8543999986578,624,6,True,463fc5918826a816c4b8c1ea60c14ec2d88ae250db7beb83cf2ccbd28e009838,,"{""targets"": [""target""]}",7d4398744d0564354bccb7ec0cf0d71d7f3173c682ca016c5f2566dffbb19ca0,1d6ce55c-29e2-95e7-9ef1-77026a6bda74
qwen,qwen3.7-flash,qwen3.7-flash,H2,existing,cross_profile,2,True,True,True,412.0298999987426,551.6805999995995,624,6,True,463fc5918826a816c4b8c1ea60c14ec2d88ae250db7beb83cf2ccbd28e009838,,"{""targets"": [""target""]}",7d4398744d0564354bccb7ec0cf0d71d7f3173c682ca016c5f2566dffbb19ca0,d2b78dfa-a1bf-9162-9887-c50351cfd81a
qwen,qwen3.7-flash,qwen3.7-flash,H2,existing,cross_profile,3,True,True,True,410.67199999997683,526.5411000000313,624,6,True,463fc5918826a816c4b8c1ea60c14ec2d88ae250db7beb83cf2ccbd28e009838,,"{""targets"": [""target""]}",7d4398744d0564354bccb7ec0cf0d71d7f3173c682ca016c5f2566dffbb19ca0,afc1765b-6552-9138-aa1f-3fe8cfc12f91
qwen,qwen3.7-flash,qwen3.7-flash,H3,existing,cross_profile,1,True,True,True,597.0710999990843,686.3065999987157,624,6,True,10e6bc3dad3370c3a707a69633d078c3320a69b871e8aeb396994dfbed2c20c0,,"{""targets"": [""target""]}",7d4398744d0564354bccb7ec0cf0d71d7f3173c682ca016c5f2566dffbb19ca0,56e9fae7-3365-95bf-a95a-d2801142ee9f
qwen,qwen3.7-flash,qwen3.7-flash,H3,existing,cross_profile,2,True,True,True,410.10069999902043,523.2083999999304,624,6,True,10e6bc3dad3370c3a707a69633d078c3320a69b871e8aeb396994dfbed2c20c0,,"{""targets"": [""target""]}",7d4398744d0564354bccb7ec0cf0d71d7f3173c682ca016c5f2566dffbb19ca0,56330553-aeb3-9b08-93f6-191af127c629
qwen,qwen3.7-flash,qwen3.7-flash,H3,existing,cross_profile,3,True,True,True,558.505699998932,678.4666999992623,624,6,True,10e6bc3dad3370c3a707a69633d078c3320a69b871e8aeb396994dfbed2c20c0,,"{""targets"": [""target""]}",7d4398744d0564354bccb7ec0cf0d71d7f3173c682ca016c5f2566dffbb19ca0,5f164c2c-5797-987b-80a8-3c27c189111b
qwen,qwen3.7-flash,qwen3.7-flash,H4,existing,cross_profile,1,True,True,True,509.021699999721,747.6741999998922,624,14,True,8d8a92023fdb557838ab9e7456d504a65dc19c71d6dd1e369fd9ffcdb298be0f,,"{
""targets"": [
""target""
]
}",7d4398744d0564354bccb7ec0cf0d71d7f3173c682ca016c5f2566dffbb19ca0,70e2bb3c-d2e2-9a6d-adac-adcd25fa1125
qwen,qwen3.7-flash,qwen3.7-flash,H4,existing,cross_profile,2,True,True,True,499.93870000071183,622.624800000267,624,6,True,fbdd5cfcdea0e964bba3d3df68adf0a580f7d2055a3d16bad4b9681a2738b132,,"{""targets"": [""target""]}",7d4398744d0564354bccb7ec0cf0d71d7f3173c682ca016c5f2566dffbb19ca0,bc84b0e7-efb4-9f46-ab01-36ef932ae73d
qwen,qwen3.7-flash,qwen3.7-flash,H4,existing,cross_profile,3,True,True,True,610.8342000006814,700.9364999994432,624,6,True,fbdd5cfcdea0e964bba3d3df68adf0a580f7d2055a3d16bad4b9681a2738b132,,"{""targets"": [""target""]}",7d4398744d0564354bccb7ec0cf0d71d7f3173c682ca016c5f2566dffbb19ca0,730b7aa6-66ab-95c2-ba4b-d9fbe15787a1
qwen,qwen3.7-flash,qwen3.7-flash,M1,existing,cross_profile,1,True,True,True,436.94849999883445,612.561399999322,677,12,True,69cadfe52919351ad514297fe1ee56897ad469eae4b9524e3a0248bad9e151d3,,"{""targets"": [""A"", ""B"", ""start""]}",5c482f6f6d7cc65eeee1f75aa3992ff60e068284a978689362f7d8dca03a064f,56d1e3b6-0628-950c-8303-2d60b8738fa0
qwen,qwen3.7-flash,qwen3.7-flash,M1,existing,cross_profile,2,True,True,True,405.4032999993069,606.7829999992682,677,12,True,69cadfe52919351ad514297fe1ee56897ad469eae4b9524e3a0248bad9e151d3,,"{""targets"": [""A"", ""B"", ""start""]}",5c482f6f6d7cc65eeee1f75aa3992ff60e068284a978689362f7d8dca03a064f,da5b5a36-0f7f-9cd8-8dec-2bec8dfb054c
qwen,qwen3.7-flash,qwen3.7-flash,M1,existing,cross_profile,3,True,True,True,372.7713999996922,564.7003000012774,677,12,True,69cadfe52919351ad514297fe1ee56897ad469eae4b9524e3a0248bad9e151d3,,"{""targets"": [""A"", ""B"", ""start""]}",5c482f6f6d7cc65eeee1f75aa3992ff60e068284a978689362f7d8dca03a064f,b26f0799-bf4d-9507-8dff-6dd4e52acadb
qwen,qwen3.7-flash,qwen3.7-flash,M2,existing,cross_profile,1,True,True,True,310.46820000119624,416.36560000006284,674,9,True,7b8c394facc4fb9a16a9e4722327fc0602fce57d9256e5385255306930e4f6e5,,"{""targets"": [""B"", ""A""]}",3c04ed15a0221450d006b50dcd660145be00d59bc48187dcebcd8d783dbbb984,cd8cc6d2-cd2b-9dc7-96bf-6b576314f6e8
qwen,qwen3.7-flash,qwen3.7-flash,M2,existing,cross_profile,2,True,True,True,483.7564999997994,579.6470000004774,674,9,True,7b8c394facc4fb9a16a9e4722327fc0602fce57d9256e5385255306930e4f6e5,,"{""targets"": [""B"", ""A""]}",3c04ed15a0221450d006b50dcd660145be00d59bc48187dcebcd8d783dbbb984,1c2b8f47-39b4-9f0b-8477-3217aeb10846
qwen,qwen3.7-flash,qwen3.7-flash,M2,existing,cross_profile,3,True,True,True,506.7337000000407,551.6043999996327,674,9,True,7b8c394facc4fb9a16a9e4722327fc0602fce57d9256e5385255306930e4f6e5,,"{""targets"": [""B"", ""A""]}",3c04ed15a0221450d006b50dcd660145be00d59bc48187dcebcd8d783dbbb984,cc075671-53bc-9ed8-81cd-c2b06a991463
qwen,qwen3.7-flash,qwen3.7-flash,M3,existing,cross_profile,1,True,True,True,361.79339999944204,541.184699999576,653,12,True,2cf7b45fcc6596d00792816ca1625f0ca62120cb5e0729889476a25ba6f80da8,,"{""targets"": [""A"", ""B"", ""A""]}",2c5a18dbcae010f789d7a8a6e34327160ab90c05d3edf3ce43276cb6c20b72e0,3bbdab19-2cc6-9d1c-b465-7f33db574d31
qwen,qwen3.7-flash,qwen3.7-flash,M3,existing,cross_profile,2,True,True,True,389.24479999877803,548.9739999993617,653,12,True,2cf7b45fcc6596d00792816ca1625f0ca62120cb5e0729889476a25ba6f80da8,,"{""targets"": [""A"", ""B"", ""A""]}",2c5a18dbcae010f789d7a8a6e34327160ab90c05d3edf3ce43276cb6c20b72e0,1aeea7d6-1290-9b96-b6ba-e5fb152e0361
qwen,qwen3.7-flash,qwen3.7-flash,M3,existing,cross_profile,3,True,True,True,349.97800000019197,495.8389999992505,653,12,True,2cf7b45fcc6596d00792816ca1625f0ca62120cb5e0729889476a25ba6f80da8,,"{""targets"": [""A"", ""B"", ""A""]}",2c5a18dbcae010f789d7a8a6e34327160ab90c05d3edf3ce43276cb6c20b72e0,7cc7f9b3-4fa6-9e0e-9e85-1a40937be956
qwen,qwen3.7-flash,qwen3.7-flash,M4,existing,cross_profile,1,True,True,True,459.9295999996684,582.7315999995335,679,6,True,a67c40a80f401d83381fad6d40290d0fa6457ac0865b2c008ea25c00b6c92d20,,"{""targets"": [""B""]}",bbeef5ed1cad0994e61a940a8d6a4831d077811218a1d7c091e824755ddf4543,1095924a-6a17-9fca-b0ff-25e101d67f5b
qwen,qwen3.7-flash,qwen3.7-flash,M4,existing,cross_profile,2,True,True,True,379.3184999994992,479.2171999997663,679,6,True,a67c40a80f401d83381fad6d40290d0fa6457ac0865b2c008ea25c00b6c92d20,,"{""targets"": [""B""]}",bbeef5ed1cad0994e61a940a8d6a4831d077811218a1d7c091e824755ddf4543,9f2008e4-ffe3-979a-b424-b766f2918f75
qwen,qwen3.7-flash,qwen3.7-flash,M4,existing,cross_profile,3,True,True,True,490.7820999997057,611.5955999994185,679,6,True,a67c40a80f401d83381fad6d40290d0fa6457ac0865b2c008ea25c00b6c92d20,,"{""targets"": [""B""]}",bbeef5ed1cad0994e61a940a8d6a4831d077811218a1d7c091e824755ddf4543,1643fadc-a1db-9fb2-a0e7-23dc97f180e4
qwen,qwen3.7-flash,qwen3.7-flash,M5,existing,cross_profile,1,True,True,True,491.3959999994404,608.2945999987714,647,9,True,358994377451a350806deda18efdb80db954b76c7534757b34b9d09e5e7d722e,,"{""targets"": [""A"", ""B""]}",8f85899b9aa78f9fd5400c3fa8f38599846009fcd07a0f275dbbf4bbf03465ac,4c3c5bc2-a305-9d63-8d58-f209d537bfe9
qwen,qwen3.7-flash,qwen3.7-flash,M5,existing,cross_profile,2,True,True,True,449.80500000019674,572.7386999988084,647,9,True,358994377451a350806deda18efdb80db954b76c7534757b34b9d09e5e7d722e,,"{""targets"": [""A"", ""B""]}",8f85899b9aa78f9fd5400c3fa8f38599846009fcd07a0f275dbbf4bbf03465ac,2325f9bc-e3ca-909b-8602-d887f03d8344
qwen,qwen3.7-flash,qwen3.7-flash,M5,existing,cross_profile,3,True,True,True,449.1416999990179,565.7871999992494,647,9,True,358994377451a350806deda18efdb80db954b76c7534757b34b9d09e5e7d722e,,"{""targets"": [""A"", ""B""]}",8f85899b9aa78f9fd5400c3fa8f38599846009fcd07a0f275dbbf4bbf03465ac,92a13f20-b5f9-94c4-99f2-57542317bd76
qwen,qwen3.7-flash,qwen3.7-flash,M6,existing,cross_profile,1,True,True,True,399.7232999990956,519.867199998771,676,9,True,897ec432498c782180ef253013dc6e2fafede3fe14b799e3e6c88f47fbdae954,,"{""targets"": [""A"", ""start""]}",c0d91cdcd4d48bdb9f3dcd05f85511accfc107c409e77efe7ee83c7320e2dc73,3ed6204e-6e97-9595-9501-34330b68ee82
qwen,qwen3.7-flash,qwen3.7-flash,M6,existing,cross_profile,2,True,True,True,427.38359999930253,567.1524000008503,676,9,True,897ec432498c782180ef253013dc6e2fafede3fe14b799e3e6c88f47fbdae954,,"{""targets"": [""A"", ""start""]}",c0d91cdcd4d48bdb9f3dcd05f85511accfc107c409e77efe7ee83c7320e2dc73,46b7f377-2f2a-9c3d-9b88-50d526bab94e
qwen,qwen3.7-flash,qwen3.7-flash,M6,existing,cross_profile,3,True,True,True,460.16770000096585,625.5152000012458,676,9,True,897ec432498c782180ef253013dc6e2fafede3fe14b799e3e6c88f47fbdae954,,"{""targets"": [""A"", ""start""]}",c0d91cdcd4d48bdb9f3dcd05f85511accfc107c409e77efe7ee83c7320e2dc73,b0e82656-256b-9e66-8300-0cc08857633d
qwen,qwen3.7-flash,qwen3.7-flash,U1,unseen,cross_profile,1,True,True,True,524.9014000000898,625.0376999996661,621,8,,,,"{""targets"": [""dock_K7""]}",351450520adda14c576a89f3f0d37f2288045675e04fe201e2234fda79234a29,7a7238e7-68ff-90ef-baf3-649e16b0cb6b
qwen,qwen3.7-flash,qwen3.7-flash,U1,unseen,cross_profile,2,True,True,True,507.02950000049896,661.478400001215,621,8,,,,"{""targets"": [""dock_K7""]}",351450520adda14c576a89f3f0d37f2288045675e04fe201e2234fda79234a29,9ea9bd51-7af1-9da3-aa2a-d6918e167e69
qwen,qwen3.7-flash,qwen3.7-flash,U2,unseen,cross_profile,1,True,True,True,423.3335000008083,592.4128999995446,641,15,,,,"{""targets"": [""充电位"", ""窗边"", ""充电位""]}",404f5ec06f27bf54b6a96634b25cbb5a05bd964bb1f3e52796b72bab2ab28fa3,b276a292-996a-9819-85b1-b302d8bc2b77
qwen,qwen3.7-flash,qwen3.7-flash,U2,unseen,cross_profile,2,True,True,True,460.7549000011204,633.8145000008808,641,15,,,,"{""targets"": [""充电位"", ""窗边"", ""充电位""]}",404f5ec06f27bf54b6a96634b25cbb5a05bd964bb1f3e52796b72bab2ab28fa3,103bbbf0-340c-90e2-8438-356bcaba73bb
qwen,qwen3.7-flash,qwen3.7-flash,U3,unseen,cross_profile,1,True,True,True,356.2664999990375,468.071899998904,678,8,,,,"{""targets"": [""p-9""]}",14ef38a2819665a1aadffff3ae05fba288ce2a5e66bce643ccca02202ac9fde4,d99db8c0-c58c-90fb-93d6-a22536a771cc
qwen,qwen3.7-flash,qwen3.7-flash,U3,unseen,cross_profile,2,True,True,True,321.48749999942083,432.95260000013513,678,8,,,,"{""targets"": [""p-9""]}",14ef38a2819665a1aadffff3ae05fba288ce2a5e66bce643ccca02202ac9fde4,035ef427-3323-9e9b-be1e-80b5f9e1f4e3
qwen,qwen3.7-flash,qwen3.7-flash,U4,unseen,cross_profile,1,True,True,True,481.847299999572,629.343800001152,644,11,,,,"{""targets"": [""node_y"", ""node_x""]}",ddf94be30f4c0db1b04504ff7718a28d4c945823958c31fdc872e2abecd5b8e4,eb974d14-5b8f-92ec-94f4-51bcb1bb7e73
qwen,qwen3.7-flash,qwen3.7-flash,U4,unseen,cross_profile,2,True,True,True,476.1307000007946,628.8702000001649,644,11,,,,"{""targets"": [""node_y"", ""node_x""]}",ddf94be30f4c0db1b04504ff7718a28d4c945823958c31fdc872e2abecd5b8e4,77838982-5a5a-95cc-b3a4-cd4a13c936f3
qwen,qwen3.7-flash,qwen3.7-flash,U5,unseen,cross_profile,1,True,True,True,407.45179999976244,532.5102999995579,662,11,,,,"{""targets"": [""station_C"", ""origin_Z""]}",015537daea7aebc5e91ee8ecfe29c77753719521f58fcadbdfe89f1dbfef0d47,1db15821-ef7b-985d-91ee-f9100ec09e83
qwen,qwen3.7-flash,qwen3.7-flash,U5,unseen,cross_profile,2,True,True,True,365.67810000087775,490.39360000097076,662,11,,,,"{""targets"": [""station_C"", ""origin_Z""]}",015537daea7aebc5e91ee8ecfe29c77753719521f58fcadbdfe89f1dbfef0d47,4f4db179-7427-9c2b-9a61-9f88934e125e
qwen,qwen3.7-flash,qwen3.7-flash,U6,unseen,cross_profile,1,True,True,True,465.7136999994691,522.9629000004934,675,15,,,,"{""targets"": [""bay_red"", ""bay_blue"", ""bay_green""]}",f9b954f34725f2a5ea2b59b4474e958a873c23a579312a482ea81a1836c96a50,d69c844c-160b-93be-8419-8ff4872f09b4
qwen,qwen3.7-flash,qwen3.7-flash,U6,unseen,cross_profile,2,True,True,True,419.65500000151224,608.8350000009086,675,15,,,,"{""targets"": [""bay_red"", ""bay_blue"", ""bay_green""]}",f9b954f34725f2a5ea2b59b4474e958a873c23a579312a482ea81a1836c96a50,cdd57c15-5de5-90c8-be54-1c5c90aa94b4
qwen,qwen3.7-flash,qwen3.7-flash,U7,unseen,cross_profile,1,True,True,True,612.1703999997408,1051.4535999991494,614,31,,,,"{""stop_reason"": ""Target 'warehouse_Q' is not found in public_targets catalogue. The task explicitly forbids using other locations as warehouse_Q.""}",0ae0e1d85218b0e7bd78288f05fc72cff57b55230c498c6ff84db556a97e979d,daea21fb-091e-975e-a269-ce18bfb81214
qwen,qwen3.7-flash,qwen3.7-flash,U7,unseen,cross_profile,2,True,True,True,386.3650000002963,723.4540999997989,614,19,,,,"{""stop_reason"": ""Target 'warehouse_Q' is not found in public_targets catalogue.""}",0ae0e1d85218b0e7bd78288f05fc72cff57b55230c498c6ff84db556a97e979d,68f440dc-493c-9ab6-9576-f33bac219061
qwen,qwen3.7-flash,qwen3.7-flash,U8,unseen,cross_profile,1,True,True,True,438.98169999920356,784.5194000001356,620,24,,,,"{""stop_reason"": ""EmergencyStopLatched: Controller reports emergency stop is latched. Mission aborted for safety.""}",e2c833824db9b32f76689fa544170f5e500a9ad8045533ce2802b130ddef66ab,7492f3d1-4b93-9c09-9cab-e2f338c909cb
qwen,qwen3.7-flash,qwen3.7-flash,U8,unseen,cross_profile,2,True,True,True,558.9623999985633,892.0237999991514,620,22,,,,"{""stop_reason"": ""EmergencyStopLatched: Controller reports emergency stop is latched. Mission aborted.""}",e2c833824db9b32f76689fa544170f5e500a9ad8045533ce2802b130ddef66ab,be38e5bd-b5f7-9daa-a9b3-3e95356b726e
qwen,qwen3.7-flash,qwen3.7-flash,H1,existing,native_profile,1,True,True,True,363.7656999999308,440.6261000003724,651,6,True,c6d74bb62342f5b92a20acc9b1f35759c5d1f2e43db8f0ad47e7e67de9933ff1,,"{""targets"": [""target""]}",3d842d8a452b7ddcb0129ab46bfbab5d16c7c7cba03e030831dbd082b5c36d3b,adc598eb-71b8-99b7-8a90-0d783db16192
qwen,qwen3.7-flash,qwen3.7-flash,H1,existing,native_profile,2,True,True,True,353.5007999998925,430.18080000001646,651,6,True,c6d74bb62342f5b92a20acc9b1f35759c5d1f2e43db8f0ad47e7e67de9933ff1,,"{""targets"": [""target""]}",3d842d8a452b7ddcb0129ab46bfbab5d16c7c7cba03e030831dbd082b5c36d3b,2e3da10e-913c-929a-b610-806436273a9e
qwen,qwen3.7-flash,qwen3.7-flash,H1,existing,native_profile,3,True,True,True,446.11110000005283,564.053199999762,651,6,True,c6d74bb62342f5b92a20acc9b1f35759c5d1f2e43db8f0ad47e7e67de9933ff1,,"{""targets"": [""target""]}",3d842d8a452b7ddcb0129ab46bfbab5d16c7c7cba03e030831dbd082b5c36d3b,67aa6aba-d9cd-9c92-ac22-c32adc5e2037
qwen,qwen3.7-flash,qwen3.7-flash,H2,existing,native_profile,1,True,True,True,450.00700000127836,550.6576000007044,651,6,True,463fc5918826a816c4b8c1ea60c14ec2d88ae250db7beb83cf2ccbd28e009838,,"{""targets"": [""target""]}",3d842d8a452b7ddcb0129ab46bfbab5d16c7c7cba03e030831dbd082b5c36d3b,941fae8f-b8f0-902b-85ae-826d71e029ef
qwen,qwen3.7-flash,qwen3.7-flash,H2,existing,native_profile,2,True,True,True,362.10529999880237,429.70299999979034,651,6,True,463fc5918826a816c4b8c1ea60c14ec2d88ae250db7beb83cf2ccbd28e009838,,"{""targets"": [""target""]}",3d842d8a452b7ddcb0129ab46bfbab5d16c7c7cba03e030831dbd082b5c36d3b,e04a276b-ff1a-9d65-af49-749e624252b4
qwen,qwen3.7-flash,qwen3.7-flash,H2,existing,native_profile,3,True,True,True,440.7059000004665,524.800299999697,651,6,True,463fc5918826a816c4b8c1ea60c14ec2d88ae250db7beb83cf2ccbd28e009838,,"{""targets"": [""target""]}",3d842d8a452b7ddcb0129ab46bfbab5d16c7c7cba03e030831dbd082b5c36d3b,a323ff69-db33-91e8-814a-cdaa0996caad
qwen,qwen3.7-flash,qwen3.7-flash,H3,existing,native_profile,1,True,True,True,496.7436999995698,579.2147000011028,651,6,True,10e6bc3dad3370c3a707a69633d078c3320a69b871e8aeb396994dfbed2c20c0,,"{""targets"": [""target""]}",3d842d8a452b7ddcb0129ab46bfbab5d16c7c7cba03e030831dbd082b5c36d3b,97a4edd1-31f6-90f5-8aee-05bdb1425519
qwen,qwen3.7-flash,qwen3.7-flash,H3,existing,native_profile,2,True,True,True,477.8704000000289,555.7833999991999,651,6,True,10e6bc3dad3370c3a707a69633d078c3320a69b871e8aeb396994dfbed2c20c0,,"{""targets"": [""target""]}",3d842d8a452b7ddcb0129ab46bfbab5d16c7c7cba03e030831dbd082b5c36d3b,0ee93fad-fc51-95fe-a0ca-3ad3c33900a3
qwen,qwen3.7-flash,qwen3.7-flash,H3,existing,native_profile,3,True,True,True,604.7866999997495,684.5694000003277,651,6,True,10e6bc3dad3370c3a707a69633d078c3320a69b871e8aeb396994dfbed2c20c0,,"{""targets"": [""target""]}",3d842d8a452b7ddcb0129ab46bfbab5d16c7c7cba03e030831dbd082b5c36d3b,85d4f164-dc2c-930d-af10-6fe8a56417a8
qwen,qwen3.7-flash,qwen3.7-flash,H4,existing,native_profile,1,True,True,True,657.2054000007483,739.684699999998,651,6,True,fbdd5cfcdea0e964bba3d3df68adf0a580f7d2055a3d16bad4b9681a2738b132,,"{""targets"": [""target""]}",3d842d8a452b7ddcb0129ab46bfbab5d16c7c7cba03e030831dbd082b5c36d3b,5a7d0722-ecf1-94ed-8400-0a3ccbeeadc4
qwen,qwen3.7-flash,qwen3.7-flash,H4,existing,native_profile,2,True,True,True,1160.4632999988098,1272.6720999999088,651,6,True,fbdd5cfcdea0e964bba3d3df68adf0a580f7d2055a3d16bad4b9681a2738b132,,"{""targets"": [""target""]}",3d842d8a452b7ddcb0129ab46bfbab5d16c7c7cba03e030831dbd082b5c36d3b,1f9118a3-3057-96af-a341-46d06a8edfa8
qwen,qwen3.7-flash,qwen3.7-flash,H4,existing,native_profile,3,True,True,True,536.959899998692,541.5075999990222,651,6,True,fbdd5cfcdea0e964bba3d3df68adf0a580f7d2055a3d16bad4b9681a2738b132,,"{""targets"": [""target""]}",3d842d8a452b7ddcb0129ab46bfbab5d16c7c7cba03e030831dbd082b5c36d3b,a1a8ef53-f406-951b-8bef-6a177fd9c7cf
qwen,qwen3.7-flash,qwen3.7-flash,M1,existing,native_profile,1,True,True,True,461.560499999905,690.9727000002022,704,12,True,69cadfe52919351ad514297fe1ee56897ad469eae4b9524e3a0248bad9e151d3,,"{""targets"": [""A"", ""B"", ""start""]}",8dc526fb85d4f0aabc63424f806abf288c8bc02de7ad53417721cc98b59ac110,96448029-0eab-94f9-a155-66c56a316a54
qwen,qwen3.7-flash,qwen3.7-flash,M1,existing,native_profile,2,True,True,True,629.7494999998889,853.6251000004995,704,12,True,69cadfe52919351ad514297fe1ee56897ad469eae4b9524e3a0248bad9e151d3,,"{""targets"": [""A"", ""B"", ""start""]}",8dc526fb85d4f0aabc63424f806abf288c8bc02de7ad53417721cc98b59ac110,8e88dc70-0296-9987-a35d-df091255e026
qwen,qwen3.7-flash,qwen3.7-flash,M1,existing,native_profile,3,True,True,True,407.823699999426,610.7150000007096,704,12,True,69cadfe52919351ad514297fe1ee56897ad469eae4b9524e3a0248bad9e151d3,,"{""targets"": [""A"", ""B"", ""start""]}",8dc526fb85d4f0aabc63424f806abf288c8bc02de7ad53417721cc98b59ac110,5aba996d-f660-92c7-9a50-5ff50bfa712f
qwen,qwen3.7-flash,qwen3.7-flash,M2,existing,native_profile,1,True,True,True,431.1366000001726,560.223099999348,701,9,True,7b8c394facc4fb9a16a9e4722327fc0602fce57d9256e5385255306930e4f6e5,,"{""targets"": [""B"", ""A""]}",12ad9c5d8abf9776fcbb421a2e712f30301ce5de3da47de5cd052189c493995f,ac3f8b06-1e7b-990f-9ea2-5d732367541d
qwen,qwen3.7-flash,qwen3.7-flash,M2,existing,native_profile,2,True,True,True,773.575900000651,883.4079999996902,701,9,True,7b8c394facc4fb9a16a9e4722327fc0602fce57d9256e5385255306930e4f6e5,,"{""targets"": [""B"", ""A""]}",12ad9c5d8abf9776fcbb421a2e712f30301ce5de3da47de5cd052189c493995f,89af4f6a-107b-9e3e-a062-cc2e7d93d830
qwen,qwen3.7-flash,qwen3.7-flash,M2,existing,native_profile,3,True,True,True,365.62400000002526,469.3457000012131,701,9,True,7b8c394facc4fb9a16a9e4722327fc0602fce57d9256e5385255306930e4f6e5,,"{""targets"": [""B"", ""A""]}",12ad9c5d8abf9776fcbb421a2e712f30301ce5de3da47de5cd052189c493995f,bfe1aaee-a65c-97d8-9ad6-1081c3b8d040
qwen,qwen3.7-flash,qwen3.7-flash,M3,existing,native_profile,1,True,True,True,615.1231999992888,839.8914999997942,680,12,True,2cf7b45fcc6596d00792816ca1625f0ca62120cb5e0729889476a25ba6f80da8,,"{""targets"": [""A"", ""B"", ""A""]}",cfeba7c6738e0251463644f379abe753a632b431a34d821b73bdc0d1f3149ca9,faf20442-67f6-9952-ad65-3e6499cac4cc
qwen,qwen3.7-flash,qwen3.7-flash,M3,existing,native_profile,2,True,True,True,584.1786000000866,785.5328000005102,680,12,True,2cf7b45fcc6596d00792816ca1625f0ca62120cb5e0729889476a25ba6f80da8,,"{""targets"": [""A"", ""B"", ""A""]}",cfeba7c6738e0251463644f379abe753a632b431a34d821b73bdc0d1f3149ca9,227efce1-05c1-9c26-be5b-a99a91b571b1
qwen,qwen3.7-flash,qwen3.7-flash,M3,existing,native_profile,3,True,True,True,519.8954999996204,722.897900001044,680,12,True,2cf7b45fcc6596d00792816ca1625f0ca62120cb5e0729889476a25ba6f80da8,,"{""targets"": [""A"", ""B"", ""A""]}",cfeba7c6738e0251463644f379abe753a632b431a34d821b73bdc0d1f3149ca9,789fd2ad-cc36-9ed5-b1aa-8dce15539b1c
qwen,qwen3.7-flash,qwen3.7-flash,M4,existing,native_profile,1,True,True,True,528.8946999990003,613.3688999998412,706,6,True,a67c40a80f401d83381fad6d40290d0fa6457ac0865b2c008ea25c00b6c92d20,,"{""targets"": [""B""]}",cdcdb9b45e936e04b6f3c6314afcd66496a7c5fe81a162fb0ef570c5bf3a3879,ba13b4fe-6350-9b0b-9086-0500d90abdc9
qwen,qwen3.7-flash,qwen3.7-flash,M4,existing,native_profile,2,True,True,True,425.17469999984314,505.89469999977155,706,6,True,a67c40a80f401d83381fad6d40290d0fa6457ac0865b2c008ea25c00b6c92d20,,"{""targets"": [""B""]}",cdcdb9b45e936e04b6f3c6314afcd66496a7c5fe81a162fb0ef570c5bf3a3879,f8f9efcc-349f-9f71-85d3-00f04ab2c30c
qwen,qwen3.7-flash,qwen3.7-flash,M4,existing,native_profile,3,True,True,True,534.9315000003116,626.4126999994915,706,6,True,a67c40a80f401d83381fad6d40290d0fa6457ac0865b2c008ea25c00b6c92d20,,"{""targets"": [""B""]}",cdcdb9b45e936e04b6f3c6314afcd66496a7c5fe81a162fb0ef570c5bf3a3879,e819a905-22f0-96af-a367-dfde86274d87
qwen,qwen3.7-flash,qwen3.7-flash,M5,existing,native_profile,1,True,True,True,360.56339999959164,505.1748999994743,674,9,True,358994377451a350806deda18efdb80db954b76c7534757b34b9d09e5e7d722e,,"{""targets"": [""A"", ""B""]}",afac3d9524e5aeff9c6962395f5ab86a7df4330b387b80be03efab8aef31f00f,fce4ac56-d699-98f1-b2f7-1ae7c6c42bf0
qwen,qwen3.7-flash,qwen3.7-flash,M5,existing,native_profile,2,True,True,True,330.82759999888367,485.88139999992563,674,9,True,358994377451a350806deda18efdb80db954b76c7534757b34b9d09e5e7d722e,,"{""targets"": [""A"", ""B""]}",afac3d9524e5aeff9c6962395f5ab86a7df4330b387b80be03efab8aef31f00f,fda65092-b67b-9723-a18f-eb50f57d5604
qwen,qwen3.7-flash,qwen3.7-flash,M5,existing,native_profile,3,True,True,True,399.8916000000463,513.4394999986398,674,9,True,358994377451a350806deda18efdb80db954b76c7534757b34b9d09e5e7d722e,,"{""targets"": [""A"", ""B""]}",afac3d9524e5aeff9c6962395f5ab86a7df4330b387b80be03efab8aef31f00f,67740cfd-fbf2-9f0a-99a3-5140fdac8cec
qwen,qwen3.7-flash,qwen3.7-flash,M6,existing,native_profile,1,True,True,True,487.35759999908623,605.4380999994464,703,9,True,897ec432498c782180ef253013dc6e2fafede3fe14b799e3e6c88f47fbdae954,,"{""targets"": [""A"", ""start""]}",d7e229101cca08965dde83eda8ada325445e5daec6d4fa8b634b44fe441e3000,82dc76ee-988d-9bec-a82f-da78b00d326f
qwen,qwen3.7-flash,qwen3.7-flash,M6,existing,native_profile,2,True,True,True,383.0889000000752,513.8809000000037,703,9,True,897ec432498c782180ef253013dc6e2fafede3fe14b799e3e6c88f47fbdae954,,"{""targets"": [""A"", ""start""]}",d7e229101cca08965dde83eda8ada325445e5daec6d4fa8b634b44fe441e3000,d7d923ed-d111-9583-8626-cfab473dea5c
qwen,qwen3.7-flash,qwen3.7-flash,M6,existing,native_profile,3,True,True,True,458.58509999925445,572.8687999999238,703,9,True,897ec432498c782180ef253013dc6e2fafede3fe14b799e3e6c88f47fbdae954,,"{""targets"": [""A"", ""start""]}",d7e229101cca08965dde83eda8ada325445e5daec6d4fa8b634b44fe441e3000,438f71ab-12ec-957c-b475-8de577eb6a97
qwen,qwen3.7-flash,qwen3.7-flash,U1,unseen,native_profile,1,True,True,True,394.4511000008788,498.35410000014235,648,8,,,,"{""targets"": [""dock_K7""]}",69183a1d191e33b7a941f0a4c1bfc5fbec3688bdc11427b0b53219adda0c426a,e571116f-2ed3-9de0-8da2-24437059b171
qwen,qwen3.7-flash,qwen3.7-flash,U1,unseen,native_profile,2,True,True,True,301.6482000002725,531.6637000014452,648,8,,,,"{""targets"": [""dock_K7""]}",69183a1d191e33b7a941f0a4c1bfc5fbec3688bdc11427b0b53219adda0c426a,6a1d38cc-4960-9c71-a043-c34671adb307
qwen,qwen3.7-flash,qwen3.7-flash,U2,unseen,native_profile,1,True,True,True,449.0255000000616,626.9460999992589,668,15,,,,"{""targets"": [""充电位"", ""窗边"", ""充电位""]}",c10b427559f46589b1aeb8c7d2dce83f8a32e866a7823de6528f9b09015ee67c,fb96c79b-9714-93eb-8383-e4c8faa9c70d
qwen,qwen3.7-flash,qwen3.7-flash,U2,unseen,native_profile,2,True,True,True,757.841599999665,925.9357000009913,668,15,,,,"{""targets"": [""充电位"", ""窗边"", ""充电位""]}",c10b427559f46589b1aeb8c7d2dce83f8a32e866a7823de6528f9b09015ee67c,66e26175-6ca5-9f1e-959f-f3015bc1355c
qwen,qwen3.7-flash,qwen3.7-flash,U3,unseen,native_profile,1,True,True,True,423.88899999969,553.7084000006871,705,8,,,,"{""targets"": [""p-9""]}",edac8ee3af7bebfc76a2d133bd038a1861ef18ea461666fcd0a9003524b51540,47f94b36-8d50-9da5-8bd3-712ae5f8f6d0
qwen,qwen3.7-flash,qwen3.7-flash,U3,unseen,native_profile,2,True,True,True,570.3923999990366,697.6176999996824,705,8,,,,"{""targets"": [""p-9""]}",edac8ee3af7bebfc76a2d133bd038a1861ef18ea461666fcd0a9003524b51540,da282f15-7a31-99fc-ab76-85b4edf5d479
qwen,qwen3.7-flash,qwen3.7-flash,U4,unseen,native_profile,1,True,True,True,540.5721999995876,717.5150999992184,671,11,,,,"{""targets"": [""node_y"", ""node_x""]}",8b989df6ab993c209df550750e24974aeddab78141c6991d36a246591b5cff6d,60cc1803-b8e4-9033-90b1-ed4b873114b0
qwen,qwen3.7-flash,qwen3.7-flash,U4,unseen,native_profile,2,True,True,True,398.6240000012913,535.4289999995672,671,11,,,,"{""targets"": [""node_y"", ""node_x""]}",8b989df6ab993c209df550750e24974aeddab78141c6991d36a246591b5cff6d,37af9664-3f2b-9a92-a764-9b7ff83ac236
qwen,qwen3.7-flash,qwen3.7-flash,U5,unseen,native_profile,1,True,True,True,424.12750000039523,548.6890000011044,689,11,,,,"{""targets"": [""station_C"", ""origin_Z""]}",9bba36c77e2c062545a26d61f0e529c637eeb819ad9a7bcdd6e1ef8970dd841b,95ed3dd7-daf2-97b5-b059-746869466335
qwen,qwen3.7-flash,qwen3.7-flash,U5,unseen,native_profile,2,True,True,True,1209.2799999991257,1330.6984999999258,689,11,,,,"{""targets"": [""station_C"", ""origin_Z""]}",9bba36c77e2c062545a26d61f0e529c637eeb819ad9a7bcdd6e1ef8970dd841b,27b4e967-0759-92d6-87ce-b29b05ed38cb
qwen,qwen3.7-flash,qwen3.7-flash,U6,unseen,native_profile,1,True,True,True,452.09520000025805,627.6792000007845,702,15,,,,"{""targets"": [""bay_red"", ""bay_blue"", ""bay_green""]}",26e588db473196063687ace8c9e0651e1d8d80627a68e18ea470c78c7230dd4b,cd503e73-1494-926b-beb3-d56155d52185
qwen,qwen3.7-flash,qwen3.7-flash,U6,unseen,native_profile,2,True,True,True,348.72729999915464,510.4362999991281,702,15,,,,"{""targets"": [""bay_red"", ""bay_blue"", ""bay_green""]}",26e588db473196063687ace8c9e0651e1d8d80627a68e18ea470c78c7230dd4b,fe0a4725-3419-9727-9c7b-9fb9953b87b0
qwen,qwen3.7-flash,qwen3.7-flash,U7,unseen,native_profile,1,True,True,True,890.959100001055,1270.592900000338,641,28,,,,"{""stop_reason"":""Requested destination '仓库Q' is not found in public_targets catalogue. No other locations are provided as warehouse Q.""}",ed4e19678e4e5efa36203f2c7e0d0d328af94c6103adb30bf36b31680e2c29e7,7023548f-63f3-95ff-8a25-5186506306a0
qwen,qwen3.7-flash,qwen3.7-flash,U7,unseen,native_profile,2,True,True,True,520.4957999994804,862.3885999986669,641,28,,,,"{""stop_reason"":""Requested destination '仓库Q' is not found in public_targets catalogue. No other locations are provided as warehouse Q.""}",ed4e19678e4e5efa36203f2c7e0d0d328af94c6103adb30bf36b31680e2c29e7,99b2028f-5b32-936e-8298-5a40ff7cd0d2
qwen,qwen3.7-flash,qwen3.7-flash,U8,unseen,native_profile,1,True,True,True,296.933399999034,590.380899999218,647,24,,,,"{""stop_reason"": ""EmergencyStopLatched: Controller reports emergency stop is latched. Mission aborted as instructed.""}",b23a0305b178c84e2a2222c972a3c25a7d63ffa9a4b3165339277eb41f04d4ab,698db6a2-5c4d-92ce-abf7-e4a8c2b0492a
qwen,qwen3.7-flash,qwen3.7-flash,U8,unseen,native_profile,2,True,True,True,368.63850000008824,484.22670000036305,647,10,,,,"{""stop_reason"": ""EmergencyStopLatched""}",b23a0305b178c84e2a2222c972a3c25a7d63ffa9a4b3165339277eb41f04d4ab,45d41f92-3f2b-92ad-a26c-4a2687a9a37a
qwen,qwen3.7-flash,qwen3.7-flash,H1,existing,shared,1,True,True,True,353.987500000585,454.61059999979625,587,6,True,c6d74bb62342f5b92a20acc9b1f35759c5d1f2e43db8f0ad47e7e67de9933ff1,,"{""targets"": [""target""]}",53c6141b9dc4b5d10864ca7cf06423490b00d2a74d748c628cb305ff4c4c0b67,e7751b45-5c43-9022-a25f-a413537e8c9e
qwen,qwen3.7-flash,qwen3.7-flash,H1,existing,shared,2,True,True,True,354.5314999992115,444.07200000023295,587,6,True,c6d74bb62342f5b92a20acc9b1f35759c5d1f2e43db8f0ad47e7e67de9933ff1,,"{""targets"": [""target""]}",53c6141b9dc4b5d10864ca7cf06423490b00d2a74d748c628cb305ff4c4c0b67,d5412a13-9028-9ce2-b453-5cf552ea6030
qwen,qwen3.7-flash,qwen3.7-flash,H1,existing,shared,3,True,True,True,377.7122999999847,481.8162999999913,587,6,True,c6d74bb62342f5b92a20acc9b1f35759c5d1f2e43db8f0ad47e7e67de9933ff1,,"{""targets"": [""target""]}",53c6141b9dc4b5d10864ca7cf06423490b00d2a74d748c628cb305ff4c4c0b67,696ec53e-a663-98a8-a156-cc7d57cd33a8
qwen,qwen3.7-flash,qwen3.7-flash,H2,existing,shared,1,True,True,True,466.67969999907655,562.7674999996088,587,6,True,463fc5918826a816c4b8c1ea60c14ec2d88ae250db7beb83cf2ccbd28e009838,,"{""targets"": [""target""]}",53c6141b9dc4b5d10864ca7cf06423490b00d2a74d748c628cb305ff4c4c0b67,10404d17-eacf-9a98-8b0f-a688ff72c75c
qwen,qwen3.7-flash,qwen3.7-flash,H2,existing,shared,2,True,True,True,500.06980000034673,597.3498999992444,587,6,True,463fc5918826a816c4b8c1ea60c14ec2d88ae250db7beb83cf2ccbd28e009838,,"{""targets"": [""target""]}",53c6141b9dc4b5d10864ca7cf06423490b00d2a74d748c628cb305ff4c4c0b67,316e2923-8377-94ca-aac8-1e92aa2c6816
qwen,qwen3.7-flash,qwen3.7-flash,H2,existing,shared,3,True,True,True,385.50990000112506,467.03420000085316,587,6,True,463fc5918826a816c4b8c1ea60c14ec2d88ae250db7beb83cf2ccbd28e009838,,"{""targets"": [""target""]}",53c6141b9dc4b5d10864ca7cf06423490b00d2a74d748c628cb305ff4c4c0b67,6e4dadd1-62b1-951d-8d52-1f2d584f3218
qwen,qwen3.7-flash,qwen3.7-flash,H3,existing,shared,1,True,True,True,401.6847000002599,480.30780000044615,587,6,True,10e6bc3dad3370c3a707a69633d078c3320a69b871e8aeb396994dfbed2c20c0,,"{""targets"": [""target""]}",53c6141b9dc4b5d10864ca7cf06423490b00d2a74d748c628cb305ff4c4c0b67,c0eed4e0-a18a-9fbb-b7c3-42e9fd6d1860
qwen,qwen3.7-flash,qwen3.7-flash,H3,existing,shared,2,True,True,True,293.3047999995324,371.7182000000321,587,6,True,10e6bc3dad3370c3a707a69633d078c3320a69b871e8aeb396994dfbed2c20c0,,"{""targets"": [""target""]}",53c6141b9dc4b5d10864ca7cf06423490b00d2a74d748c628cb305ff4c4c0b67,cda881ed-6cfb-9759-93c4-32de82a5ab47
qwen,qwen3.7-flash,qwen3.7-flash,H3,existing,shared,3,True,True,True,330.135700000028,421.58800000106567,587,6,True,10e6bc3dad3370c3a707a69633d078c3320a69b871e8aeb396994dfbed2c20c0,,"{""targets"": [""target""]}",53c6141b9dc4b5d10864ca7cf06423490b00d2a74d748c628cb305ff4c4c0b67,e672f722-c1fe-944d-9e24-7ecbb7304b7b
qwen,qwen3.7-flash,qwen3.7-flash,H4,existing,shared,1,True,True,True,404.74989999893296,494.2534000001615,587,6,True,fbdd5cfcdea0e964bba3d3df68adf0a580f7d2055a3d16bad4b9681a2738b132,,"{""targets"": [""target""]}",53c6141b9dc4b5d10864ca7cf06423490b00d2a74d748c628cb305ff4c4c0b67,2f32f6d6-2c4b-9981-b239-64bb32af95f2
qwen,qwen3.7-flash,qwen3.7-flash,H4,existing,shared,2,True,True,True,443.85139999940293,540.4082999993989,587,6,True,fbdd5cfcdea0e964bba3d3df68adf0a580f7d2055a3d16bad4b9681a2738b132,,"{""targets"": [""target""]}",53c6141b9dc4b5d10864ca7cf06423490b00d2a74d748c628cb305ff4c4c0b67,8ab639f6-10d5-9d34-a2b0-d32860efd4c9
qwen,qwen3.7-flash,qwen3.7-flash,H4,existing,shared,3,True,True,True,346.79789999972854,429.5318000004045,587,6,True,fbdd5cfcdea0e964bba3d3df68adf0a580f7d2055a3d16bad4b9681a2738b132,,"{""targets"": [""target""]}",53c6141b9dc4b5d10864ca7cf06423490b00d2a74d748c628cb305ff4c4c0b67,ee7a74ff-016c-9c86-a87d-566772877b5a
qwen,qwen3.7-flash,qwen3.7-flash,M1,existing,shared,1,True,True,True,608.7641000012809,823.646100001497,640,12,True,69cadfe52919351ad514297fe1ee56897ad469eae4b9524e3a0248bad9e151d3,,"{""targets"": [""A"", ""B"", ""start""]}",dfa2458fa4278fa8a98822583dd89b211a232c52f1e054b6a27826fe843342b1,2b801aa4-b6f6-92e0-a7ef-d9ca0104d42d
qwen,qwen3.7-flash,qwen3.7-flash,M1,existing,shared,2,True,True,True,435.1289000005636,634.754000000612,640,12,True,69cadfe52919351ad514297fe1ee56897ad469eae4b9524e3a0248bad9e151d3,,"{""targets"": [""A"", ""B"", ""start""]}",dfa2458fa4278fa8a98822583dd89b211a232c52f1e054b6a27826fe843342b1,720ba0de-7c50-93b4-a35c-813abc8d8d37
qwen,qwen3.7-flash,qwen3.7-flash,M1,existing,shared,3,True,True,True,518.7903999994887,752.2062999996706,640,12,True,69cadfe52919351ad514297fe1ee56897ad469eae4b9524e3a0248bad9e151d3,,"{""targets"": [""A"", ""B"", ""start""]}",dfa2458fa4278fa8a98822583dd89b211a232c52f1e054b6a27826fe843342b1,76dbdd58-9d9f-94de-beaf-ac9029b67459
qwen,qwen3.7-flash,qwen3.7-flash,M2,existing,shared,1,True,True,True,660.0612000002002,777.7225999998336,637,9,True,7b8c394facc4fb9a16a9e4722327fc0602fce57d9256e5385255306930e4f6e5,,"{""targets"": [""B"", ""A""]}",5660c94103ce0d565c9782db8e69908145e20ec1a60b150fe4c1f8d286a6a21b,329e0ef4-13e2-93e6-b8e8-7bc06510d139
qwen,qwen3.7-flash,qwen3.7-flash,M2,existing,shared,2,True,True,True,529.1424999995797,646.3741999996273,637,9,True,7b8c394facc4fb9a16a9e4722327fc0602fce57d9256e5385255306930e4f6e5,,"{""targets"": [""B"", ""A""]}",5660c94103ce0d565c9782db8e69908145e20ec1a60b150fe4c1f8d286a6a21b,3d60690a-2628-9936-b944-00cc9ea2c840
qwen,qwen3.7-flash,qwen3.7-flash,M2,existing,shared,3,True,True,True,477.7788999999757,607.4786000008316,637,9,True,7b8c394facc4fb9a16a9e4722327fc0602fce57d9256e5385255306930e4f6e5,,"{""targets"": [""B"", ""A""]}",5660c94103ce0d565c9782db8e69908145e20ec1a60b150fe4c1f8d286a6a21b,ebda7a92-c19b-98af-8caf-326a1e355987
qwen,qwen3.7-flash,qwen3.7-flash,M3,existing,shared,1,True,True,True,662.7425999995467,863.3506999995006,616,12,True,2cf7b45fcc6596d00792816ca1625f0ca62120cb5e0729889476a25ba6f80da8,,"{""targets"": [""A"", ""B"", ""A""]}",26a50598fa21298f952444de4376ed744385f2f908cb27cf39a341f94e11f116,cf300dce-2970-9119-8701-c154bfefcaf8
qwen,qwen3.7-flash,qwen3.7-flash,M3,existing,shared,2,True,True,True,489.25339999914286,648.845399999118,616,12,True,2cf7b45fcc6596d00792816ca1625f0ca62120cb5e0729889476a25ba6f80da8,,"{""targets"": [""A"", ""B"", ""A""]}",26a50598fa21298f952444de4376ed744385f2f908cb27cf39a341f94e11f116,98253302-e261-9039-8845-8fd13166c51f
qwen,qwen3.7-flash,qwen3.7-flash,M3,existing,shared,3,True,True,True,549.6358999989752,719.6770999998989,616,12,True,2cf7b45fcc6596d00792816ca1625f0ca62120cb5e0729889476a25ba6f80da8,,"{""targets"": [""A"", ""B"", ""A""]}",26a50598fa21298f952444de4376ed744385f2f908cb27cf39a341f94e11f116,0f70fdae-53c0-9e4e-9bc3-3bbbad9104a6
qwen,qwen3.7-flash,qwen3.7-flash,M4,existing,shared,1,True,True,True,330.62710000012885,432.4680999998236,642,6,True,a67c40a80f401d83381fad6d40290d0fa6457ac0865b2c008ea25c00b6c92d20,,"{""targets"": [""B""]}",e15cd571b8bc29af535b085770421bf0eaaf07558d7f23b2de1d858a1f12c728,c25a2e97-e7c8-9e24-9f11-1f0b571e2534
qwen,qwen3.7-flash,qwen3.7-flash,M4,existing,shared,2,True,True,True,427.501599999232,499.6771999994962,642,6,True,a67c40a80f401d83381fad6d40290d0fa6457ac0865b2c008ea25c00b6c92d20,,"{""targets"": [""B""]}",e15cd571b8bc29af535b085770421bf0eaaf07558d7f23b2de1d858a1f12c728,affff959-4b42-9c2f-8873-7da5d1aa0ccb
qwen,qwen3.7-flash,qwen3.7-flash,M4,existing,shared,3,True,True,True,373.2684999995399,481.27949999980046,642,6,True,a67c40a80f401d83381fad6d40290d0fa6457ac0865b2c008ea25c00b6c92d20,,"{""targets"": [""B""]}",e15cd571b8bc29af535b085770421bf0eaaf07558d7f23b2de1d858a1f12c728,df05e570-185b-9345-9d00-061ddf9261a3
qwen,qwen3.7-flash,qwen3.7-flash,M5,existing,shared,1,True,True,True,832.7730000000884,949.3542000000161,610,9,True,358994377451a350806deda18efdb80db954b76c7534757b34b9d09e5e7d722e,,"{""targets"": [""A"", ""B""]}",47b522d0daa5206851dcf748ec18a3ceee53427f3520f87c3d48e8c802d54f9d,a9e7352a-fae4-9dc4-96b5-ed4c1a0917b9
qwen,qwen3.7-flash,qwen3.7-flash,M5,existing,shared,2,True,True,True,362.7354000000196,496.2665000002744,610,9,True,358994377451a350806deda18efdb80db954b76c7534757b34b9d09e5e7d722e,,"{""targets"": [""A"", ""B""]}",47b522d0daa5206851dcf748ec18a3ceee53427f3520f87c3d48e8c802d54f9d,a608c246-8b77-9416-85e4-df2974672f66
qwen,qwen3.7-flash,qwen3.7-flash,M5,existing,shared,3,True,True,True,442.8164000000834,575.0619999998889,610,9,True,358994377451a350806deda18efdb80db954b76c7534757b34b9d09e5e7d722e,,"{""targets"": [""A"", ""B""]}",47b522d0daa5206851dcf748ec18a3ceee53427f3520f87c3d48e8c802d54f9d,2e54e63c-bf7f-90d0-b0c7-aa869092baf3
qwen,qwen3.7-flash,qwen3.7-flash,M6,existing,shared,1,True,True,True,458.03110000088054,596.5837000003376,639,9,True,897ec432498c782180ef253013dc6e2fafede3fe14b799e3e6c88f47fbdae954,,"{""targets"": [""A"", ""start""]}",d820f65b68ab408741bf9e7ea2b6415e7f37311c2227a7764cb7d8f8a53c6ae5,97bdc7a8-cc74-9c6d-80f0-26ec4cf11a06
qwen,qwen3.7-flash,qwen3.7-flash,M6,existing,shared,2,True,True,True,358.2706000015605,502.1909000006417,639,9,True,897ec432498c782180ef253013dc6e2fafede3fe14b799e3e6c88f47fbdae954,,"{""targets"": [""A"", ""start""]}",d820f65b68ab408741bf9e7ea2b6415e7f37311c2227a7764cb7d8f8a53c6ae5,f81e7ba2-b75f-9751-b4ce-a854d6d8d054
qwen,qwen3.7-flash,qwen3.7-flash,M6,existing,shared,3,True,True,True,369.0714999993361,508.54679999974906,639,9,True,897ec432498c782180ef253013dc6e2fafede3fe14b799e3e6c88f47fbdae954,,"{""targets"": [""A"", ""start""]}",d820f65b68ab408741bf9e7ea2b6415e7f37311c2227a7764cb7d8f8a53c6ae5,a88f3bae-4e5f-9dff-b768-db768ef1d4ba
qwen,qwen3.7-flash,qwen3.7-flash,U1,unseen,shared,1,True,True,True,348.92020000006596,441.48800000039046,584,8,,,,"{""targets"": [""dock_K7""]}",60f4b32757dc90faeccd812e75543221d848c77a846bd7a1285ace35afbdcb71,5a7218b6-7a2f-98fe-a417-2619a1a8fe37
qwen,qwen3.7-flash,qwen3.7-flash,U1,unseen,shared,2,True,True,True,422.60540000097535,520.2530000005936,584,8,,,,"{""targets"": [""dock_K7""]}",60f4b32757dc90faeccd812e75543221d848c77a846bd7a1285ace35afbdcb71,5337423b-955b-98a9-8fc1-804bfa4620fe
qwen,qwen3.7-flash,qwen3.7-flash,U2,unseen,shared,1,True,True,True,506.64379999943776,679.7053999998752,604,15,,,,"{""targets"": [""充电位"", ""窗边"", ""充电位""]}",e9cac9b0cfc5df424998789867d6a0a3406033be0abf22708f0c11165dd0d3f7,26454d4e-018d-94e8-85a3-39493d29181b
qwen,qwen3.7-flash,qwen3.7-flash,U2,unseen,shared,2,True,True,True,446.5644000010798,609.1764000011608,604,15,,,,"{""targets"": [""充电位"", ""窗边"", ""充电位""]}",e9cac9b0cfc5df424998789867d6a0a3406033be0abf22708f0c11165dd0d3f7,1e3687f5-c6e3-942d-8740-58c42e4a1272
qwen,qwen3.7-flash,qwen3.7-flash,U3,unseen,shared,1,True,True,True,508.81569999910425,619.0025999985664,641,8,,,,"{""targets"": [""p-9""]}",2e4f8ae6fafb5408a560c229b22b85345ee397a1d01ded7e7589e8defc11d539,0c7a4a6e-1cb6-9857-880b-98bdb60044e1
qwen,qwen3.7-flash,qwen3.7-flash,U3,unseen,shared,2,True,True,True,384.49389999914274,481.1898999996629,641,8,,,,"{""targets"": [""p-9""]}",2e4f8ae6fafb5408a560c229b22b85345ee397a1d01ded7e7589e8defc11d539,0912dac7-da40-9ca2-a892-a7c757a5cce4
qwen,qwen3.7-flash,qwen3.7-flash,U4,unseen,shared,1,True,True,True,562.1296999997867,706.6743000013957,607,11,,,,"{""targets"": [""node_y"", ""node_x""]}",cc924a289cbc475e2ea5d3dfd5b9df598f6238152dd9aeb60d96568e3aadc426,b64545d4-89ef-9c2b-b866-8bfce3a60e92
qwen,qwen3.7-flash,qwen3.7-flash,U4,unseen,shared,2,True,True,True,620.3519999999116,777.9821999993146,607,11,,,,"{""targets"": [""node_y"", ""node_x""]}",cc924a289cbc475e2ea5d3dfd5b9df598f6238152dd9aeb60d96568e3aadc426,66db3599-a294-9abe-9446-3faf4fccfc43
qwen,qwen3.7-flash,qwen3.7-flash,U5,unseen,shared,1,True,True,True,395.10750000044936,501.6097000006994,625,11,,,,"{""targets"": [""station_C"", ""origin_Z""]}",c62a7c46f7e2e16dfc0a221c4844a015290de0f453604e7d0448e69e77585626,16c7b221-8dd2-9daa-afd6-4dc681df3050
qwen,qwen3.7-flash,qwen3.7-flash,U5,unseen,shared,2,True,True,True,331.4532999993389,451.7435999987356,625,11,,,,"{""targets"": [""station_C"", ""origin_Z""]}",c62a7c46f7e2e16dfc0a221c4844a015290de0f453604e7d0448e69e77585626,1642085a-accb-9966-88e5-9993baa4f3d4
qwen,qwen3.7-flash,qwen3.7-flash,U6,unseen,shared,1,True,True,True,486.49269999987155,646.6213000003336,638,15,,,,"{""targets"": [""bay_red"", ""bay_blue"", ""bay_green""]}",5890da42abb3ff6ba20db387a7d32ec197fd012ae1c1a6f7a21444e5d7f5006e,7a167fd8-beed-9980-b6ba-476ec48af73a
qwen,qwen3.7-flash,qwen3.7-flash,U6,unseen,shared,2,True,True,True,522.9258999988815,790.5579999987822,638,15,,,,"{""targets"": [""bay_red"", ""bay_blue"", ""bay_green""]}",5890da42abb3ff6ba20db387a7d32ec197fd012ae1c1a6f7a21444e5d7f5006e,4b94e4d1-6285-9292-809f-791c4460ee69
qwen,qwen3.7-flash,qwen3.7-flash,U7,unseen,shared,1,True,True,True,376.25070000103733,642.5727999994706,577,19,,,,"{""stop_reason"": ""Target 'warehouse_Q' is not found in public_targets catalogue.""}",683d6bbd2c8cf8c0866780818a88b25a697419ea1da72359fa828ffdb61911d9,b42b66be-8978-9a56-8eb8-3fbde524f555
qwen,qwen3.7-flash,qwen3.7-flash,U7,unseen,shared,2,True,True,True,443.89010000122653,868.6699000008957,577,35,,,,"{""stop_reason"":""Requested destination 'warehouse Q' is not found in public_targets catalogue. The only available target is 'desk_R'. Cannot proceed to non-existent location.""}",683d6bbd2c8cf8c0866780818a88b25a697419ea1da72359fa828ffdb61911d9,2cf4a838-d0e4-9587-817f-4294dab88b03
qwen,qwen3.7-flash,qwen3.7-flash,U8,unseen,shared,1,True,True,True,571.8501000010292,837.1227999996336,583,24,,,,"{""stop_reason"": ""EmergencyStopLatched: Controller reports emergency stop is latched. Mission aborted as instructed.""}",ae390d4239f6bc37e3b50cccae986c20dd78eb022b97dbdddfc2b9bb0436903a,8e5cb149-7d74-9471-b83b-d2f0d7273b16
qwen,qwen3.7-flash,qwen3.7-flash,U8,unseen,shared,2,True,True,True,510.6885000004695,740.0904000005539,583,15,,,,"{""stop_reason"": ""控制器报告急停已锁定，任务中止""}",ae390d4239f6bc37e3b50cccae986c20dd78eb022b97dbdddfc2b9bb0436903a,e5cd0d68-71a9-9cf3-856d-6965dbab8f6a
qwen,qwen3.7-flash,qwen3.7-flash,H1,existing,shared_json,1,True,True,True,343.741399999999,448.5783000000083,589,6,True,c6d74bb62342f5b92a20acc9b1f35759c5d1f2e43db8f0ad47e7e67de9933ff1,,"{""targets"": [""target""]}",53c6141b9dc4b5d10864ca7cf06423490b00d2a74d748c628cb305ff4c4c0b67,dc9f8c83-3bbe-9f0c-b22f-67e1234dc284
qwen,qwen3.7-flash,qwen3.7-flash,H1,existing,shared_json,2,True,True,True,365.98679999951855,456.4360000003944,589,6,True,c6d74bb62342f5b92a20acc9b1f35759c5d1f2e43db8f0ad47e7e67de9933ff1,,"{""targets"": [""target""]}",53c6141b9dc4b5d10864ca7cf06423490b00d2a74d748c628cb305ff4c4c0b67,62dd6691-7be2-9c5f-83f5-5e150d40e4d8
qwen,qwen3.7-flash,qwen3.7-flash,H1,existing,shared_json,3,True,True,True,312.21170000026177,411.0583999990922,589,6,True,c6d74bb62342f5b92a20acc9b1f35759c5d1f2e43db8f0ad47e7e67de9933ff1,,"{""targets"": [""target""]}",53c6141b9dc4b5d10864ca7cf06423490b00d2a74d748c628cb305ff4c4c0b67,04b34193-6740-974a-a389-88e92c965144
qwen,qwen3.7-flash,qwen3.7-flash,H2,existing,shared_json,1,True,True,True,363.71600000165927,470.4379000013432,589,6,True,463fc5918826a816c4b8c1ea60c14ec2d88ae250db7beb83cf2ccbd28e009838,,"{""targets"": [""target""]}",53c6141b9dc4b5d10864ca7cf06423490b00d2a74d748c628cb305ff4c4c0b67,3ad8e1f6-0c8e-9f2f-8a9d-a7be9c778600
qwen,qwen3.7-flash,qwen3.7-flash,H2,existing,shared_json,2,True,True,True,431.9398999996338,528.8845999984915,589,6,True,463fc5918826a816c4b8c1ea60c14ec2d88ae250db7beb83cf2ccbd28e009838,,"{""targets"": [""target""]}",53c6141b9dc4b5d10864ca7cf06423490b00d2a74d748c628cb305ff4c4c0b67,b4eba811-b7a4-9b5a-8523-b89da9ed176a
qwen,qwen3.7-flash,qwen3.7-flash,H2,existing,shared_json,3,True,True,True,360.930400000143,453.7589999999909,589,6,True,463fc5918826a816c4b8c1ea60c14ec2d88ae250db7beb83cf2ccbd28e009838,,"{""targets"": [""target""]}",53c6141b9dc4b5d10864ca7cf06423490b00d2a74d748c628cb305ff4c4c0b67,e0c8c300-333e-9239-a53a-869f8e3b9840
qwen,qwen3.7-flash,qwen3.7-flash,H3,existing,shared_json,1,True,True,True,478.83379999984754,578.7466000001587,589,6,True,10e6bc3dad3370c3a707a69633d078c3320a69b871e8aeb396994dfbed2c20c0,,"{""targets"": [""target""]}",53c6141b9dc4b5d10864ca7cf06423490b00d2a74d748c628cb305ff4c4c0b67,7c9b1636-1b25-9275-b9c4-eaec8fcaba7d
qwen,qwen3.7-flash,qwen3.7-flash,H3,existing,shared_json,2,True,True,True,378.9660000002186,474.1870999987441,589,6,True,10e6bc3dad3370c3a707a69633d078c3320a69b871e8aeb396994dfbed2c20c0,,"{""targets"": [""target""]}",53c6141b9dc4b5d10864ca7cf06423490b00d2a74d748c628cb305ff4c4c0b67,1d11d0ba-5d11-9235-97ab-8ed76b746440
qwen,qwen3.7-flash,qwen3.7-flash,H3,existing,shared_json,3,True,True,True,416.29899999861664,511.0371999999188,589,6,True,10e6bc3dad3370c3a707a69633d078c3320a69b871e8aeb396994dfbed2c20c0,,"{""targets"": [""target""]}",53c6141b9dc4b5d10864ca7cf06423490b00d2a74d748c628cb305ff4c4c0b67,b8a26d0a-7539-9e58-8c33-1ec66f86e90e
qwen,qwen3.7-flash,qwen3.7-flash,H4,existing,shared_json,1,True,True,True,322.7628000004188,406.8088000003627,589,6,True,fbdd5cfcdea0e964bba3d3df68adf0a580f7d2055a3d16bad4b9681a2738b132,,"{""targets"": [""target""]}",53c6141b9dc4b5d10864ca7cf06423490b00d2a74d748c628cb305ff4c4c0b67,42347f01-f2f9-977a-8233-5701f28efbf8
qwen,qwen3.7-flash,qwen3.7-flash,H4,existing,shared_json,2,True,True,True,348.81379999933415,450.24799999919196,589,6,True,fbdd5cfcdea0e964bba3d3df68adf0a580f7d2055a3d16bad4b9681a2738b132,,"{""targets"": [""target""]}",53c6141b9dc4b5d10864ca7cf06423490b00d2a74d748c628cb305ff4c4c0b67,ec7b9408-460e-99d6-9387-2816b5d64e04
qwen,qwen3.7-flash,qwen3.7-flash,H4,existing,shared_json,3,True,True,True,1162.1235000002343,1252.4580000008427,589,6,True,fbdd5cfcdea0e964bba3d3df68adf0a580f7d2055a3d16bad4b9681a2738b132,,"{""targets"": [""target""]}",53c6141b9dc4b5d10864ca7cf06423490b00d2a74d748c628cb305ff4c4c0b67,f4324b45-9c07-97ff-98e9-533a8c6b456c
qwen,qwen3.7-flash,qwen3.7-flash,M1,existing,shared_json,1,True,True,True,450.22160000007716,674.8944999999367,642,12,True,69cadfe52919351ad514297fe1ee56897ad469eae4b9524e3a0248bad9e151d3,,"{""targets"": [""A"", ""B"", ""start""]}",dfa2458fa4278fa8a98822583dd89b211a232c52f1e054b6a27826fe843342b1,4fb6471b-8588-9e6e-9476-f914f3411c90
qwen,qwen3.7-flash,qwen3.7-flash,M1,existing,shared_json,2,True,True,True,395.681500000137,618.4716000007029,642,12,True,69cadfe52919351ad514297fe1ee56897ad469eae4b9524e3a0248bad9e151d3,,"{""targets"": [""A"", ""B"", ""start""]}",dfa2458fa4278fa8a98822583dd89b211a232c52f1e054b6a27826fe843342b1,75ca6103-71e0-9336-810e-b7a330c7d761
qwen,qwen3.7-flash,qwen3.7-flash,M1,existing,shared_json,3,True,True,True,540.4557999991084,756.7309999994905,642,12,True,69cadfe52919351ad514297fe1ee56897ad469eae4b9524e3a0248bad9e151d3,,"{""targets"": [""A"", ""B"", ""start""]}",dfa2458fa4278fa8a98822583dd89b211a232c52f1e054b6a27826fe843342b1,9911b116-0de3-9fdb-9004-47b2f26680ed
qwen,qwen3.7-flash,qwen3.7-flash,M2,existing,shared_json,1,True,True,True,1045.564000000013,1191.9364000004862,639,9,True,7b8c394facc4fb9a16a9e4722327fc0602fce57d9256e5385255306930e4f6e5,,"{""targets"": [""B"", ""A""]}",5660c94103ce0d565c9782db8e69908145e20ec1a60b150fe4c1f8d286a6a21b,54de568c-21de-9e52-8b16-5f3dd5a69962
qwen,qwen3.7-flash,qwen3.7-flash,M2,existing,shared_json,2,True,True,True,463.05500000016764,607.760099999723,639,9,True,7b8c394facc4fb9a16a9e4722327fc0602fce57d9256e5385255306930e4f6e5,,"{""targets"": [""B"", ""A""]}",5660c94103ce0d565c9782db8e69908145e20ec1a60b150fe4c1f8d286a6a21b,e55ca827-a415-9119-a268-ed7c4b524059
qwen,qwen3.7-flash,qwen3.7-flash,M2,existing,shared_json,3,True,True,True,516.5252000006149,661.3035000009404,639,9,True,7b8c394facc4fb9a16a9e4722327fc0602fce57d9256e5385255306930e4f6e5,,"{""targets"": [""B"", ""A""]}",5660c94103ce0d565c9782db8e69908145e20ec1a60b150fe4c1f8d286a6a21b,feaecbb5-7e20-9d07-baad-12ce4608af90
qwen,qwen3.7-flash,qwen3.7-flash,M3,existing,shared_json,1,True,True,True,508.295999999973,677.751499999431,618,12,True,2cf7b45fcc6596d00792816ca1625f0ca62120cb5e0729889476a25ba6f80da8,,"{""targets"": [""A"", ""B"", ""A""]}",26a50598fa21298f952444de4376ed744385f2f908cb27cf39a341f94e11f116,1384d1a9-a2f4-9422-ab04-edf559cd3f73
qwen,qwen3.7-flash,qwen3.7-flash,M3,existing,shared_json,2,True,True,True,382.7528000001621,544.3230000000767,618,12,True,2cf7b45fcc6596d00792816ca1625f0ca62120cb5e0729889476a25ba6f80da8,,"{""targets"": [""A"", ""B"", ""A""]}",26a50598fa21298f952444de4376ed744385f2f908cb27cf39a341f94e11f116,b02c9091-24a3-9454-942c-1533a3078095
qwen,qwen3.7-flash,qwen3.7-flash,M3,existing,shared_json,3,True,True,True,438.05190000057337,571.5674999992189,618,12,True,2cf7b45fcc6596d00792816ca1625f0ca62120cb5e0729889476a25ba6f80da8,,"{""targets"": [""A"", ""B"", ""A""]}",26a50598fa21298f952444de4376ed744385f2f908cb27cf39a341f94e11f116,98f60959-77c4-972d-ac3e-7685caf3445f
qwen,qwen3.7-flash,qwen3.7-flash,M4,existing,shared_json,1,True,True,True,380.1541000011639,477.8533000007883,644,6,True,a67c40a80f401d83381fad6d40290d0fa6457ac0865b2c008ea25c00b6c92d20,,"{""targets"": [""B""]}",e15cd571b8bc29af535b085770421bf0eaaf07558d7f23b2de1d858a1f12c728,e9bff051-b318-946a-88f6-d5bf6235002b
qwen,qwen3.7-flash,qwen3.7-flash,M4,existing,shared_json,2,True,True,True,372.9280999996263,452.0535999999993,644,6,True,a67c40a80f401d83381fad6d40290d0fa6457ac0865b2c008ea25c00b6c92d20,,"{""targets"": [""B""]}",e15cd571b8bc29af535b085770421bf0eaaf07558d7f23b2de1d858a1f12c728,b22e11bb-6a87-999d-a3f2-bc577fa4486f
qwen,qwen3.7-flash,qwen3.7-flash,M4,existing,shared_json,3,True,True,True,441.14730000001146,528.5901000006561,644,6,True,a67c40a80f401d83381fad6d40290d0fa6457ac0865b2c008ea25c00b6c92d20,,"{""targets"": [""B""]}",e15cd571b8bc29af535b085770421bf0eaaf07558d7f23b2de1d858a1f12c728,db11160d-1c2b-9d13-b0ee-41501e4b0e15
qwen,qwen3.7-flash,qwen3.7-flash,M5,existing,shared_json,1,True,True,True,353.90259999985574,471.5118000003713,612,9,True,358994377451a350806deda18efdb80db954b76c7534757b34b9d09e5e7d722e,,"{""targets"": [""A"", ""B""]}",47b522d0daa5206851dcf748ec18a3ceee53427f3520f87c3d48e8c802d54f9d,b8a06175-76b3-9bb2-9841-aa490c32dff5
qwen,qwen3.7-flash,qwen3.7-flash,M5,existing,shared_json,2,True,True,True,404.69239999947604,528.2301000006555,612,9,True,358994377451a350806deda18efdb80db954b76c7534757b34b9d09e5e7d722e,,"{""targets"": [""A"", ""B""]}",47b522d0daa5206851dcf748ec18a3ceee53427f3520f87c3d48e8c802d54f9d,41d4df44-90ab-9a86-a3dd-8e807e1573b0
qwen,qwen3.7-flash,qwen3.7-flash,M5,existing,shared_json,3,True,True,True,317.25139999980456,417.955200000506,612,9,True,358994377451a350806deda18efdb80db954b76c7534757b34b9d09e5e7d722e,,"{""targets"": [""A"", ""B""]}",47b522d0daa5206851dcf748ec18a3ceee53427f3520f87c3d48e8c802d54f9d,323132ee-c8e7-982a-9318-5f73dc6e2493
qwen,qwen3.7-flash,qwen3.7-flash,M6,existing,shared_json,1,True,True,True,402.4496999991243,537.7508999990823,641,9,True,897ec432498c782180ef253013dc6e2fafede3fe14b799e3e6c88f47fbdae954,,"{""targets"": [""A"", ""start""]}",d820f65b68ab408741bf9e7ea2b6415e7f37311c2227a7764cb7d8f8a53c6ae5,c6076ecd-c5e6-9a65-b6d3-be2db9530617
qwen,qwen3.7-flash,qwen3.7-flash,M6,existing,shared_json,2,True,True,True,310.0725999993301,427.6590999998007,641,9,True,897ec432498c782180ef253013dc6e2fafede3fe14b799e3e6c88f47fbdae954,,"{""targets"": [""A"", ""start""]}",d820f65b68ab408741bf9e7ea2b6415e7f37311c2227a7764cb7d8f8a53c6ae5,df70d8ad-a74f-9c75-aa4a-d141fee0374c
qwen,qwen3.7-flash,qwen3.7-flash,M6,existing,shared_json,3,True,True,True,386.7469999986497,455.8396999982506,641,9,True,897ec432498c782180ef253013dc6e2fafede3fe14b799e3e6c88f47fbdae954,,"{""targets"": [""A"", ""start""]}",d820f65b68ab408741bf9e7ea2b6415e7f37311c2227a7764cb7d8f8a53c6ae5,3266160a-7a3e-9214-b4b7-e2e2470984eb
qwen,qwen3.7-flash,qwen3.7-flash,U1,unseen,shared_json,1,True,True,True,415.26859999976296,514.2832000001363,586,8,,,,"{""targets"": [""dock_K7""]}",60f4b32757dc90faeccd812e75543221d848c77a846bd7a1285ace35afbdcb71,ed11985f-af81-9a73-983d-aec44caa7da0
qwen,qwen3.7-flash,qwen3.7-flash,U1,unseen,shared_json,2,True,True,True,434.01489999996556,499.20409999867843,586,8,,,,"{""targets"": [""dock_K7""]}",60f4b32757dc90faeccd812e75543221d848c77a846bd7a1285ace35afbdcb71,8b1def29-5903-9e56-97e9-c12abf91c9b7
qwen,qwen3.7-flash,qwen3.7-flash,U2,unseen,shared_json,1,True,True,True,407.35940000013215,576.5833000004932,606,15,,,,"{""targets"": [""充电位"", ""窗边"", ""充电位""]}",e9cac9b0cfc5df424998789867d6a0a3406033be0abf22708f0c11165dd0d3f7,30177c1b-cf56-9144-ba0a-d970f316db8a
qwen,qwen3.7-flash,qwen3.7-flash,U2,unseen,shared_json,2,True,True,True,374.30200000017066,514.9772000004305,606,15,,,,"{""targets"": [""充电位"", ""窗边"", ""充电位""]}",e9cac9b0cfc5df424998789867d6a0a3406033be0abf22708f0c11165dd0d3f7,fb7a281b-6779-9abd-9f2f-009ed4469868
qwen,qwen3.7-flash,qwen3.7-flash,U3,unseen,shared_json,1,True,True,True,386.4494999997987,465.13059999961115,643,8,,,,"{""targets"": [""p-9""]}",2e4f8ae6fafb5408a560c229b22b85345ee397a1d01ded7e7589e8defc11d539,4e7f9b30-6648-9da9-bc7e-ef642f3bc11c
qwen,qwen3.7-flash,qwen3.7-flash,U3,unseen,shared_json,2,True,True,True,318.5417000004236,418.4084000007715,643,8,,,,"{""targets"": [""p-9""]}",2e4f8ae6fafb5408a560c229b22b85345ee397a1d01ded7e7589e8defc11d539,0f911f9b-a43e-94ce-9c82-bf7ca771ef9d
qwen,qwen3.7-flash,qwen3.7-flash,U4,unseen,shared_json,1,True,True,True,755.7167999984813,891.666699999405,609,11,,,,"{""targets"": [""node_y"", ""node_x""]}",cc924a289cbc475e2ea5d3dfd5b9df598f6238152dd9aeb60d96568e3aadc426,e0481a47-8bb4-9ab0-b5f8-2a5c79857b34
qwen,qwen3.7-flash,qwen3.7-flash,U4,unseen,shared_json,2,True,True,True,454.01660000061383,592.9381000005378,609,11,,,,"{""targets"": [""node_y"", ""node_x""]}",cc924a289cbc475e2ea5d3dfd5b9df598f6238152dd9aeb60d96568e3aadc426,fdc8c8f5-4045-9c7f-bf3c-b81d74ad6696
qwen,qwen3.7-flash,qwen3.7-flash,U5,unseen,shared_json,1,True,True,True,376.3436000008369,498.96910000097705,627,11,,,,"{""targets"": [""station_C"", ""origin_Z""]}",c62a7c46f7e2e16dfc0a221c4844a015290de0f453604e7d0448e69e77585626,0676f20a-d895-9624-adf2-2179782568fe
qwen,qwen3.7-flash,qwen3.7-flash,U5,unseen,shared_json,2,True,True,True,329.59260000097856,449.16960000045947,627,11,,,,"{""targets"": [""station_C"", ""origin_Z""]}",c62a7c46f7e2e16dfc0a221c4844a015290de0f453604e7d0448e69e77585626,b0e6e24c-ec1c-9f30-998b-80918ee664d8
qwen,qwen3.7-flash,qwen3.7-flash,U6,unseen,shared_json,1,True,True,True,492.48220000117726,672.7163000014116,640,15,,,,"{""targets"": [""bay_red"", ""bay_blue"", ""bay_green""]}",5890da42abb3ff6ba20db387a7d32ec197fd012ae1c1a6f7a21444e5d7f5006e,f899376c-9556-96e9-8075-4fa4ac6c36e5
qwen,qwen3.7-flash,qwen3.7-flash,U6,unseen,shared_json,2,True,True,True,442.74659999973665,621.3874999994005,640,15,,,,"{""targets"": [""bay_red"", ""bay_blue"", ""bay_green""]}",5890da42abb3ff6ba20db387a7d32ec197fd012ae1c1a6f7a21444e5d7f5006e,5d36e579-d1a4-95bd-9cd5-7b24d8b2da64
qwen,qwen3.7-flash,qwen3.7-flash,U7,unseen,shared_json,1,True,True,True,359.93559999951685,707.7007999996567,579,31,,,,"{""stop_reason"":""Requested destination 'warehouse Q' is not found in public_targets catalogue. The task explicitly forbids using other locations as warehouse Q.""}",683d6bbd2c8cf8c0866780818a88b25a697419ea1da72359fa828ffdb61911d9,a276e79a-814b-97fd-b257-83bd05ca4558
qwen,qwen3.7-flash,qwen3.7-flash,U7,unseen,shared_json,2,True,True,True,339.76799999982177,791.1496999986412,579,35,,,,"{""stop_reason"":""Requested destination 'warehouse Q' is not found in public_targets catalogue. The only available target is 'desk_R'. Cannot proceed to non-existent location.""}",683d6bbd2c8cf8c0866780818a88b25a697419ea1da72359fa828ffdb61911d9,04ead376-6f41-9513-89d1-93542ad6250e
qwen,qwen3.7-flash,qwen3.7-flash,U8,unseen,shared_json,1,True,True,True,455.96199999999953,584.9020999994536,585,10,,,,"{""stop_reason"": ""EmergencyStopLatched""}",ae390d4239f6bc37e3b50cccae986c20dd78eb022b97dbdddfc2b9bb0436903a,95c1b3ca-c92a-99b0-a8ff-0d54ed3b51d8
qwen,qwen3.7-flash,qwen3.7-flash,U8,unseen,shared_json,2,True,True,True,550.8946000009018,755.6681000005483,585,16,,,,"{""stop_reason"": ""控制器报告急停已锁定，任务中止。""}",ae390d4239f6bc37e3b50cccae986c20dd78eb022b97dbdddfc2b9bb0436903a,95a8e250-30d1-98a8-831e-22d46e6aaf67
